quarterly_date,C,C$,CG,CG$,EXG,EXG$,EXS,EXS$,GCF,GCF$,GDP,GDP$,IMG,IMG$,IMS,IMS$,JJ,JJ$,PC,PCG,PEXG,PEXS,PGCF,PGDP,PIMG,PIMS,EX,EX$,IM,IM$,PEX,PIM,IBF,IBF$,IG,IG$,IPC,IPC$,PIBF,PIG,PIPC,DEP$,YDD$,GDPMAJOR,ICSALES$,RX,JPNRX,FOOD,WTVG,NONFUEL,POIL,WPX,CAPSTOCK$,CPI,PCON,PF,PM,PX,IR,TDR1Y,STKVLE$,VSTOCK$,M1B,NE,NOTERATE,OUTBOUND,OVERSEAREV$,PCA,PD,PO,REQ,TAX$,TYPH_T,VISITORS,WG$,WGST$,WGP
1997-01-01,1277155,1152207,454696,398375,725838,853905,78455,72489,594604,476762,1967790,2089355,866074,757030,170924,140631,34422,33278,90.22,87.61,117.64,92.4,80.18,106.18,87.41,82.28,804293,926394,1036998,897661,115.18115910495304,86.56342635183482,355770,290753,180065,128231,65962,57778,81.72,71.21,87.59,221960,1893863,68.40473506893333,137,27.508333333333333,121.22333333333333,71.004,4.476796235771898,62.148666666666664,19.17104272,97.694,18178831,82.17666666666666,63.38,63.843333333333334,79.41,118.41666666666667,5,6.02,8515322,2575662.6666666665,35395,9127,6.276666666666666,6161932,2662.6666666666665,71.68046899765773,83.38666666666667,90.30333333333333,8.4,111152166,0,2372232,47278.333333333336,51682.333333333336,3
1997-04-01,1273543,1152483,488739,365974,762627,908261,67612,64431,675747,536860,2053195,2106006,886697,796645,179535,148639,24889,23281,90.49,74.88,119.1,95.3,79.45,102.57,89.84,82.79,830239,972692,1066232,945284,117.15807135053882,88.65650252477884,375919,303454,236199,167109,76452,66297,80.72,70.75,86.72,222787,1875032,69.1107448468,137,27.752,119.56666666666666,71.004,4.476796235771898,60.967333333333336,19.17104272,97.694,18178831,82.72,64.16333333333333,63.6,79.33333333333333,118.60666666666667,5,5.996666666666666,9069018,3254740.3333333335,35762.333333333336,9129.333333333334,6.23,6161932,2895,72.46022165665366,83.46666666666667,91.33333333333333,8.4,134471343,0,2372232,35123.666666666664,39835,3
1997-07-01,1334034,1216320,472417,361790,833091,986198,73634,72578,692471,549033,2111471,2166159,922468,845691,199151,167146,-12144,-6923,91.18,76.58,118.38,98.57,79.29,102.59,91.68,83.93,906725,1058776,1121619,1012837,116.76925197827346,90.30134118626735,475250,383537,174090,122823,48869,42673,80.7,70.55,87.32,228517,1949118,69.79800608156667,137,28.429666666666666,117.93666666666667,71.004,4.476796235771898,57.875,19.17104272,97.694,18178831,83.74333333333334,64.20333333333333,66.84666666666666,80.82666666666667,120.81666666666666,5.166666666666667,6.003333333333334,9801940.333333334,3862458.3333333335,36782.666666666664,9167.666666666666,7.703333333333333,6161932,2991.3333333333335,71.81403896027057,83.08666666666667,90.89666666666668,8.39,118836928.66666667,1,2372232,35579.333333333336,41738.666666666664,3
1997-10-01,1344732,1221928,486712,368119,853375,1089755,78813,79646,813921,666744,2209052,2343629,1000067,948134,204211,170337,16739,35908,90.87,75.63,127.7,101.06,81.92,106.09,94.81,83.41,932188,1169401,1204278,1118471,125.4469055598227,92.87481794070804,571238,478670,194717,139385,53593,48689,83.8,71.58,90.85,244417,2114442,70.36180488353334,137,31.121666666666666,125.23666666666666,71.004,4.476796235771898,56.83766666666667,19.17104272,97.694,18178831,82.82666666666667,64.51333333333334,63.519999999999996,86.37333333333333,130.84666666666666,5.25,6.03,8861996,2720854.6666666665,35971.666666666664,9278.333333333334,7.806666666666667,6161932,3306.3333333333335,72.43168747033162,81.90333333333334,91.54333333333334,7.830645161290323,91291969,0.3333333333333333,2372232,35941.333333333336,43001.333333333336,3
1998-01-01,1377521,1257082,486850,434683,744600,980290,89101,83620,671281,563720,2060866,2278387,969596,920439,197216,165417,55480,44848,91.26,89.28,131.65,93.85,83.98,110.55,94.93,83.88,833701,1063910,1166812,1085856,127.61289718975988,93.06177858986709,433164,371053,177934,131907,65692,60760,85.66,74.13,92.49,257354,2046008,70.776773991,126,33.041333333333334,128.04666666666665,67.752,0.9134373914724342,55.887,13.06444167,93.583,19721899,83.47666666666667,65.63333333333334,65.41666666666666,86.05333333333333,134.56333333333333,5.25,6.3566666666666665,10611449.666666666,3209236.6666666665,38073.666666666664,9291.333333333334,7.88,5912383,3109,72.27855498455976,82.39,91.51,7.75,118503672,0,2298706,49861,53736.666666666664,3
1998-04-01,1357587,1241906,533423,407898,781444,1012300,87654,84973,727205,599463,2140868,2291608,962796,900548,200339,168724,26251,14340,91.48,76.47,129.54,96.94,82.43,107.04,93.53,84.22,869098,1097273,1163135,1069272,126.25423139853042,91.93017147622588,434570,365171,230145,167631,73294,66661,84.03,72.84,90.95,256497,2018758,71.18438104753334,126,33.63,135.74666666666667,67.752,0.9134373914724342,56.50066666666667,13.06444167,93.583,19721899,84.16,65.73,66.50333333333333,82.52666666666667,131.21,5.25,6.53,9325684,2563691.6666666665,36457.666666666664,9266.666666666666,7.1899999999999995,5912383,3382.3333333333335,73.32769879727475,81.94,91.95,7.75,137051596,0,2298706,35864.333333333336,40662,3
1998-07-01,1412987,1291093,457064,359205,853889,1076443,88753,87968,757629,623212,2211687,2345962,951478,891821,240158,202152,18676,2014,91.37,78.59,126.06,99.12,82.26,106.07,93.73,84.17,942642,1164411,1191636,1093973,123.52632282457179,91.80429258599102,538899,451815,173745,126485,49455,44912,83.84,72.8,90.81,261825,2073091,71.68789839546666,126,34.54,139.99,67.752,0.9134373914724342,52.44466666666667,13.06444167,93.583,19721899,84.21666666666667,65.8,67.85,82.01333333333334,129.27333333333334,5.21,6.506666666666667,8293441.333333333,2143600,36213,9272.666666666666,6.913333333333333,5912383,3486,72.39479102028704,81.76666666666667,91.30666666666666,7.616523297491039,111679371,1,2298706,36196,43317,3
1998-10-01,1430628,1326093,516450,401947,835962,1006869,82859,86136,835296,692771,2278833,2450380,1031690,906674,215529,184318,46848,27556,92.69,77.83,120.44,103.95,82.94,107.53,87.88,85.52,918821,1093005,1247219,1090992,118.95733771866337,87.47397209311276,576490,488555,195588,142367,67725,61849,84.75,72.79,91.32,271830,2185846,72.2233288329,126,32.61066666666667,119.83333333333333,67.752,0.9134373914724342,51.944,13.06444167,93.583,19721899,85.2,65.46,69.39333333333333,77.74666666666667,120.88,4.96,5.8100000000000005,8956842.666666666,1956461.3333333333,36797.333333333336,9326.666666666666,6.306666666666667,5912383,3275,73.01287511935207,80.02666666666667,91.97666666666666,7.35,90321397.33333333,0.6666666666666666,2298706,36407,43753.666666666664,3
1999-01-01,1436054,1314007,498065,454673,831634,1000885,83728,79106,682409,568194,2189895,2408988,972459,852827,199045,168268,22322,13218,91.5,91.29,120.35,94.48,83.26,110,87.7,84.54,915362,1079991,1171504,1021095,117.98512501065153,87.161034021224,434507,368292,188547,139447,66000,60455,84.76,73.96,91.6,281478,2141305,72.74050116836666,149,32.638666666666666,116.54,58.931,1.1114497134150672,49.775666666666666,18.07138889,92.522,21374023,84.04,65.09333333333333,66.5,77.09666666666666,119.41,4.583333333333333,5.173333333333334,8629060.666666666,1594906,38924,9321.333333333334,5.74,6558663,33021.83666666666,72.43519084376494,79.31666666666666,91.78,7.195833333333333,113165598.66666667,0,2411248,49717,54958.666666666664,3
1999-04-01,1445163,1319390,521885,406033,908355,1066624,83002,80348,757297,617347,2295902,2406800,1023649,898540,205893,173502,1227,-10900,91.3,77.8,117.42,96.8,81.52,104.83,87.78,84.27,991357,1146972,1229542,1072042,115.69717064589244,87.1903521799174,431854,357855,248086,179793,88748,79699,82.86,72.47,89.8,279080,2128832,73.3533641894,149,32.71066666666667,120.94,58.931,1.1114497134150672,48.977999999999994,18.07138889,92.522,21374023,84.03,65.33,65.6,77.00666666666666,117.92333333333333,4.5,5.02,10240558,3108745.6666666665,39856.333333333336,9345.333333333334,5.253333333333333,6558663,41310.80333333334,73.57157697589103,79.95666666666666,92.25666666666666,7,136520947,0.3333333333333333,2411248,37150.333333333336,43088.333333333336,3
1999-07-01,1493479,1372487,454900,362881,931645,1085819,79089,78627,770671,628362,2341175,2428878,1017445,920600,220805,187207,30290,8509,91.9,79.77,116.55,99.42,81.53,103.75,90.48,84.78,1010734,1164446,1238250,1107807,115.20795778117684,89.46553603876438,541225,449495,172506,124923,60179,53944,83.05,72.42,89.64,286143,2130165,74.16050817483334,149,32.02466666666667,113.61333333333333,58.931,1.1114497134150672,48.632,18.07138889,92.522,21374023,84.47,65.30333333333333,67.48,78.91666666666667,116.81,4.5,5.023333333333333,9827622.333333334,2601886,41303.333333333336,9406,5.3,6558663,47706.12666666667,70.37555518666204,80.69333333333334,91.89666666666668,7,112915510.66666667,0.3333333333333333,2411248,37908,45360.666666666664,3
1999-10-01,1496805,1388098,470948,370152,979546,1150607,81880,85025,885723,728504,2450447,2559837,1107075,1026841,213063,182096,52431,46388,92.74,78.6,117.46,103.84,82.25,104.46,92.75,85.47,1061426,1235632,1320138,1208937,116.41244891306602,91.57656245028929,618245,518167,198045,144397,72837,65940,83.81,72.91,90.53,296406,2270107,75.06074083336667,149,31.704666666666665,104.53666666666666,58.931,1.1114497134150672,50.205666666666666,18.07138889,92.522,21374023,85.10333333333334,65.40666666666667,67.64333333333333,81.88333333333334,117.76333333333334,4.5,5.03,11089172.333333334,2458304,42020,9466.666666666666,5.316666666666666,6558663,46354.9,71.26407001918294,80.7,92.77333333333333,7,80735806.66666667,0.3333333333333333,2411248,38485.333333333336,45978.666666666664,3
2000-01-01,1540825,1416129,465123,438405,956371,1124897,87993,83841,743774,608009,2321745,2493070,1098446,1007433,215169,183585,13547,12807,91.91,94.26,117.62,95.28,81.75,107.38,91.71,85.32,1044364,1208738,1313615,1191018,115.73914841951655,90.66720462235891,506580,420473,177105,130637,64237,56899,83,73.76,88.58,302966,2217625,75.9221450443,204,30.740666666666666,107.06,58.102,9.775097203917921,51.80133333333333,28.22971944,92.573,23172443,84.75333333333333,65.07333333333334,66.41666666666667,80.68,114.89,4.543333333333333,5.013333333333333,13919838,3973086.3333333335,46461.666666666664,9443.333333333334,5.023333333333333,7328784,42332.6,69.95499729736657,81.16333333333334,92.90666666666667,7,119216438.33333333,0,2624037,52008.666666666664,57196.333333333336,0
2000-04-01,1526295,1403353,483294,379215,1099914,1274210,85226,83652,822719,659919,2439856,2508527,1252041,1153753,218022,186556,45694,48487,91.95,78.46,115.85,98.15,80.21,102.81,92.15,85.57,1185140,1357862,1470063,1340309,114.57397438277334,91.17357555424496,559214,454541,204988,148566,64799,56812,81.28,72.48,87.67,301636,2203734,76.68135245170001,204,30.679,106.60666666666667,58.102,9.775097203917921,52.45033333333333,28.22971944,92.573,23172443,85.20333333333333,65.31666666666666,66.17333333333333,81.20333333333333,115.71333333333332,4.67,5.02,12114367.333333334,2905716.6666666665,45676.333333333336,9469.333333333334,5.1000000000000005,7328784,48464.03666666667,72.25257017622498,82.10333333333334,93.73333333333333,7,142514695,0,2624037,38068.333333333336,44546,0
2000-07-01,1566297,1442290,489197,394887,1163143,1364490,84615,85052,874511,705343,2509500,2593587,1269945,1199617,226424,194723,-18731,-4135,92.08,80.72,117.31,100.52,80.66,103.35,94.46,86,1247758,1449542,1496369,1394340,116.1717256070488,93.1815614998707,631598,518216,189213,136210,57613,50917,82.05,71.99,88.38,312280,2297426,77.2272443951,204,31.071666666666665,107.57333333333334,58.102,9.775097203917921,50.20666666666666,28.22971944,92.573,23172443,85.41,64.93666666666667,67.25333333333333,82.98,117.32333333333334,4.75,4.993333333333333,10384561.666666666,1813211,44195.666666666664,9515.666666666666,5.123333333333333,7328784,62036.95,70.38872330615384,82.01666666666667,93.46333333333334,7,108822068.33333333,1.3333333333333333,2624037,38397,46141.666666666664,0
2000-10-01,1545706,1444070,520382,412286,1104360,1341591,82123,86677,913606,745615,2592128,2733365,1182293,1137989,222827,194396,23606,35511,93.42,79.23,121.48,105.55,81.61,105.45,96.25,87.24,1186483,1428268,1405120,1332385,120.37829450569457,94.82357378729219,617423,514185,208054,149897,91089,81533,83.28,72.05,89.51,325372,2429334,77.60140078906667,204,32.44566666666667,109.82333333333334,58.102,9.775097203917921,49.760333333333335,28.22971944,92.573,23172443,86.49666666666667,64.53666666666666,68.41666666666667,84.59333333333333,119.85666666666667,4.71,4.966666666666667,8905617.666666666,1483508.6666666667,42926,9538.333333333334,5.46,7328784,60847.94,70.96609942923928,81.81,94.49,6.25,79051260.66666667,1.3333333333333333,2624037,38897.666666666664,46440,0
2001-01-01,1559880,1437174,462845,452204,977191,1166326,91227,87428,701678,573425,2355414,2524131,1037688,978659,219655,189369,-17752,-24398,92.13,97.7,119.35,95.84,81.72,107.16,94.31,86.21,1068418,1253754,1257343,1168028,117.34676877401915,92.89652863220299,501419,416282,153015,112518,50246,44625,83.02,73.53,88.81,331808,2229800,77.83075814473334,139,32.532000000000004,118.08666666666667,57.902,-2.2467573079104057,50.144333333333336,24.351825,89.413,24854028,85.24333333333334,64.23,65.28,81.66666666666667,117.17,4.38,4.82,10041100.666666666,2102037.3333333335,44958.666666666664,9418.333333333334,5.013333333333334,7152877,54018.74,68.52409675304811,80.46333333333332,94.28,6.25,99684384.66666667,0,2831035,51247,57665.333333333336,3
2001-04-01,1541305,1413382,488911,392363,1009324,1182104,87370,88289,706926,566672,2377641,2440228,1062352,1000321,224151,193778,-11708,-8483,91.7,80.25,117.12,101.05,80.16,102.63,94.16,86.45,1096694,1270393,1286503,1194099,115.83841983269718,92.81742833090945,470526,383572,184352,132149,58145,50951,81.52,71.68,87.63,327956,2126805,77.92678576466666,139,33.48,122.63666666666667,57.902,-2.2467573079104057,49.93866666666667,24.351825,89.413,24854028,85.22,64.08,65.15333333333334,81.91333333333333,117.14666666666666,3.75,4.1433333333333335,8709367,1164551.6666666667,43197.666666666664,9348.666666666666,4.38,7152877,62668.90666666667,69.87194616090548,79.70666666666666,94.31,6.25,145027744.66666666,0.6666666666666666,2831035,38186,45672,3
2001-07-01,1582335,1447211,498016,410156,948036,1133093,76656,88493,644551,518500,2407619,2475696,951105,906040,227318,198912,6298,-16805,91.46,82.36,119.52,115.44,80.44,102.83,95.26,87.5,1024692,1221586,1178423,1104952,119.21494458822748,93.76531177684075,418983,342360,176269,126875,55628,49265,81.71,71.98,88.56,333044,2166214,77.9699275139,139,34.660333333333334,121.74666666666667,57.902,-2.2467573079104057,48.968333333333334,24.351825,89.413,24854028,85.41666666666667,64.49,67.22,82.71333333333332,118.80666666666667,3.1666666666666665,3.5366666666666666,7123547.666666667,900011.6666666666,43621.666666666664,9370,3.853333333333333,7152877,63265.003333333334,55.80770030153389,79.84333333333333,93.48666666666666,6.25,96710212.33333333,2,2831035,38928,44392.666666666664,3
2001-10-01,1583426,1457733,563576,455230,1071486,1265135,82764,87774,717656,576359,2584319,2679374,1024927,964794,208710,184819,-20852,-13244,92.06,80.78,118.07,106.05,80.31,103.68,94.13,88.55,1154250,1352909,1233637,1149613,117.21108945202512,93.18892024152971,403873,329386,201741,145486,115692,101487,81.56,72.12,87.72,335887,2365094,78.14304706406666,139,34.58,123.65,57.902,-2.2467573079104057,46.71366666666667,24.351825,89.413,24854028,85.96333333333334,64.43666666666667,68.20333333333333,79.04,116.15333333333334,2.2933333333333334,2.5533333333333332,8469635,1951711,45653.333333333336,9393,2.9533333333333336,7152877,75878.38666666667,58.05884216813064,78.58333333333333,93.77666666666667,5.040322580645161,77857861.33333333,0.3333333333333333,2831035,39111,47143,3
2002-01-01,1606463,1473653,462661,455572,1007353,1198430,92238,89819,637831,519504,2398266,2580550,975257,913944,209452,183763,-69420,-58721,91.73,98.47,118.97,97.38,81.45,107.6,93.71,87.74,1099591,1288249,1184709,1097707,117.1571065969074,92.6562556712239,452820,373624,141799,105594,46277,40286,82.51,74.47,87.05,344390,2260822,78.540985108,141,35.035333333333334,132.46,61.293,-0.6979859366877227,48.74633333333333,24.92774838,87.755,26660329,85.16333333333334,64.68666666666667,66.15,79.18,116.14666666666666,2.13,2.3,11020120,2444131.3333333335,51599,9427.666666666666,2.7199999999999998,7319466,76408.69666666667,53.47325939197948,78.64666666666668,93.68666666666667,5,83939801.33333333,0,2977692,49356.333333333336,50426.333333333336,0
2002-04-01,1596550,1460859,505181,408825,1150726,1337861,92588,95766,687673,553209,2538134,2585960,1122127,1070763,225721,197543,-8197,-2254,91.5,80.93,116.26,103.43,80.45,101.88,95.42,87.52,1243314,1433627,1347848,1268306,115.30691361956835,94.09859271965385,464158,378535,167469,122283,60327,52391,81.55,73.02,86.85,341937,2267763,79.04396762623333,141,34.45333333333333,127.05,61.293,-0.6979859366877227,50.260999999999996,24.92774838,87.755,26660329,85.23666666666666,65.67666666666666,65.68,81.52333333333334,115.36,2.0466666666666664,2.3466666666666667,10546313.333333334,1818541,51901,9448.333333333334,2.6100000000000003,7319466,78154.38666666667,61.47528447610308,80.44666666666667,94.04333333333334,5,142721565.66666666,0,2977692,38852,43431.666666666664,0
2002-07-01,1653851,1513990,504293,419386,1140263,1321120,88082,94196,721798,583990,2576634,2661948,1179474,1093664,234592,204896,32187,27826,91.54,83.16,115.86,106.94,80.91,103.31,92.72,87.34,1228345,1415316,1414066,1298560,115.22137510227175,91.83164010732172,505205,414901,159442,116507,59959,52582,82.13,73.07,87.7,347993,2348514,79.45911288786667,141,33.99066666666667,119.15,61.293,-0.6979859366877227,51.47666666666667,24.92774838,87.755,26660329,85.24,66.22333333333333,67.00999999999999,81.94333333333333,114.23666666666666,1.88,2.11,8830319.666666666,1322016,51941.666666666664,9461.666666666666,2.4366666666666665,7319466,83559.71,67.95252353275357,81.21333333333334,93.32333333333334,5,101309085.33333333,1,2977692,39267.333333333336,44778.333333333336,0
2002-10-01,1628185,1504061,578166,471887,1212011,1433110,95830,96251,772044,625295,2745023,2802453,1129567,1101403,243836,216025,-3542,-10723,92.38,81.62,118.24,100.44,80.99,102.09,97.51,88.59,1307841,1529361,1373403,1317428,116.93783877397941,95.92435723527618,489885,402605,178054,130425,104971,92265,82.18,73.25,87.9,352806,2485543,79.72733568126667,141,34.836333333333336,122.89333333333333,61.293,-0.6979859366877227,53.168,24.92774838,87.755,26660329,85.52666666666667,66.08,66.55666666666667,84,116.53999999999999,1.7133333333333332,1.9433333333333334,9225513,1706629,52174.666666666664,9479,2.1799999999999997,7319466,97478.88333333333,66.98247368497721,81.36333333333333,94.00666666666666,5,80563164.33333333,0,2977692,38775.666666666664,43878.333333333336,0
2003-01-01,1628438,1491464,476274,475702,1123719,1327051,101651,92948,650079,544022,2522316,2652671,1102241,1080080,223409,196694,5652,-1742,91.59,99.88,118.09,91.44,83.69,105.17,97.99,88.04,1225370,1419999,1325650,1276774,115.88328423251752,96.31305397352243,473851,400592,134304,104151,44108,39279,84.54,77.55,89.05,367960,2387400,79.9796478001,166,34.705666666666666,118.82000000000001,66.909,2.3679844272843393,55.14366666666667,28.89890319,90.33,28545411,84.98666666666666,68.04666666666667,65.83,86.63,115.56666666666666,1.63,1.54,9385486,1340115,55409.666666666664,9512.666666666666,1.6833333333333333,5923072,92903.10333333333,56.35475642762458,83.76666666666667,93.58666666666667,5,77290507.66666667,0,2248117,50137,53813,0
2003-04-01,1578424,1444665,479547,391928,1205225,1411861,63890,64357,647406,530818,2508933,2573103,1194637,1144432,208005,182883,53791,56789,91.53,81.73,117.15,100.73,81.99,102.56,95.8,87.92,1269115,1476218,1402642,1327315,116.31869452334895,94.62963464661689,439646,364548,154481,116134,56807,50136,82.92,75.18,88.26,362023,2273792,80.43761704956667,166,34.721,118.43666666666667,66.909,2.3679844272843393,55.592,28.89890319,90.33,28545411,85.13333333333334,68.36,65.89666666666666,84.97666666666666,114.60666666666667,1.5466666666666666,1.5333333333333334,9249221.666666666,1394695,55754,9533.333333333334,1.4733333333333334,5923072,105745.49333333333,54.37005334382147,83.03,93.77333333333334,5,150449535,1,2248117,38501.333333333336,43609,0
2003-07-01,1750020,1590944,524647,441240,1288066,1506866,87655,86836,715967,588376,2715941,2755213,1194354,1173531,250099,219240,-72678,-66278,90.91,84.1,116.99,99.07,82.18,101.45,98.26,87.66,1375721,1593702,1444453,1392771,115.84485517048878,96.42203657716797,500020,415928,159564,120174,59318,52274,83.18,75.31,88.13,366347,2422490,81.16436836356667,166,34.249,117.57,66.909,2.3679844272843393,56.22666666666667,28.89890319,90.33,28545411,84.73333333333333,68.80666666666667,66.23,85.03,113.01666666666667,1.38,1.4,11138630.666666666,2250375.3333333335,59041,9596.666666666666,1.18,5923072,127129.54666666666,62.34933365380413,83.52,93,5,100345295,2,2248117,39749.333333333336,45961.666666666664,0
2003-10-01,1713400,1571375,558330,463206,1437700,1662863,94569,95997,838902,699204,2944232,2943042,1339183,1349273,250769,224101,29976,23771,91.71,82.96,115.66,101.51,83.35,99.96,100.75,89.37,1532269,1758860,1589952,1573374,114.78793867134296,98.9573270136457,559019,471241,181575,138885,99228,89078,84.3,76.49,89.77,376918,2656322,81.9628878078,166,34.001333333333335,108.90666666666667,66.909,2.3679844272843393,61.382666666666665,28.89890319,90.33,28545411,85.36,69.71666666666667,67.22666666666667,86.78666666666666,112.18,1.38,1.4,12559893.666666666,1792560.3333333333,61950.666666666664,9649.666666666666,1.23,5923072,146058.71666666667,75.66890970006845,83.79,93.44,5,89503401.66666667,0.3333333333333333,2248117,39954,46427,0
2004-01-01,1737138,1598620,483516,491768,1358913,1595374,101035,97476,723181,635297,2697156,2807395,1318669,1363900,259340,230227,-12309,-17013,92.03,101.71,117.4,96.48,87.85,104.09,103.43,88.77,1459948,1692850,1578009,1594127,115.95275996131369,101.02141369282431,571015,504010,123463,103563,30019,27724,88.27,83.88,92.35,399135,2519958,82.65380299136666,213,33.406666666666666,107.22666666666667,73.318,6.503167139629402,65.367,37.7333877,96.2,30668273,85.42,76.36333333333333,66.98333333333333,89.71333333333334,113.07333333333334,1.38,1.4,14317803.666666666,2907145.6666666665,67360.66666666667,9699.333333333334,1.21,7780652,134123.22,74.56180043409226,88.36999999999999,93.65333333333334,5,95338719.33333333,0,2950342,51483.333333333336,57107.666666666664,0
2004-04-01,1719947,1590849,492217,408385,1482169,1770258,97745,97439,778516,677258,2779814,2824458,1464370,1525819,253910,226925,31616,33013,92.49,82.97,119.44,99.69,86.99,101.61,104.2,89.37,1579914,1867697,1718280,1752744,118.21510537915354,102.00572665688945,584277,511892,144473,118889,51089,46477,87.61,82.29,90.97,396929,2478446,83.22346146016667,213,33.38433333333333,109.74666666666667,73.318,6.503167139629402,66.77766666666666,37.7333877,96.2,30668273,86.15333333333334,78.03,67.52333333333333,92.21333333333334,114.80333333333333,1.38,1.4,13065624.333333334,2153931.6666666665,68409.66666666667,9762.333333333334,1.18,7780652,181723,80.98439295546913,91.37333333333333,94.47333333333333,5,167543967,0.6666666666666666,2950342,39178.333333333336,45188,0
2004-07-01,1785861,1653564,527887,445449,1475138,1800903,108727,102907,818747,721395,2907455,2952300,1425451,1541281,272162,245443,11379,14806,92.59,84.38,122.08,94.65,88.11,101.54,108.13,90.18,1583865,1903810,1697613,1786724,120.2002695936838,105.24919401536157,623788,554235,145886,120808,50125,46352,88.85,82.81,92.47,407747,2602308,83.73847655036667,213,33.97666666666667,109.91,73.318,6.503167139629402,64.302,37.7333877,96.2,30668273,87.17999999999999,79.58,71.69333333333334,96.32333333333334,118.11333333333333,1.38,1.4,12357477,1379027.6666666667,69626.33333333333,9817.666666666666,1.21,7780652,213401.43666666668,86.58374280761555,94.30666666666667,93.93333333333334,5,111840446,2,2950342,40355,47152.333333333336,0
2004-10-01,1777029,1645064,559311,466559,1545081,1833762,119091,106318,929808,817278,3050226,3012088,1525345,1675784,277837,250929,61211,69820,92.57,83.42,118.68,89.27,87.9,98.75,109.86,90.32,1664172,1940080,1803182,1926713,116.57929589008829,106.85072277784495,679919,600649,172560,144616,77860,72013,88.34,83.81,92.49,415652,2668832,84.28477306186667,213,32.936,105.88666666666667,73.318,6.503167139629402,65.96333333333334,37.7333877,96.2,30668273,86.93333333333334,79.80333333333334,70.18333333333334,94.60666666666667,116.74666666666667,1.67,1.52,13326653.666666666,1518350.6666666667,70820.66666666667,9864.666666666666,1.3066666666666666,7780652,249384.64,99.8528077320864,94.42333333333333,94.32000000000001,5,87710298,0.6666666666666666,2950342,39966,48045,0
2005-01-01,1804874,1671329,473851,493093,1414586,1627816,124548,103171,807463,718546,2798642,2888183,1419820,1468687,248180,220710,-29941,-36375,92.6,104.06,115.07,82.84,88.99,103.2,103.44,88.93,1539134,1730987,1668000,1689397,112.464996550008,101.28279376498801,639688,571469,126195,108781,41941,38296,89.34,86.2,91.31,426503,2540466,84.8867520394,227,31.539666666666665,104.71,75.154,3.906695515157598,70.71366666666667,53.3910246,100,33024181,86.76333333333334,79.42333333333333,69.90666666666667,92.09333333333333,112.25,1.7933333333333332,1.62,13930818.333333334,1317273,73496.66666666667,9884,1.3633333333333333,8208125,218590.36333333334,79.17219569112441,93.5,94.20666666666666,5,94944807.66666667,0,3378118,53254,63536.666666666664,3
2005-04-01,1783707,1664055,516485,436111,1554652,1771079,122643,105574,846542,730741,2913818,2876093,1534816,1603792,266651,238798,7621,11123,93.29,84.44,113.92,86.08,86.32,98.71,104.49,89.55,1677295,1876653,1801467,1842590,111.88568498683892,102.28275066931562,647601,561832,143717,118951,55754,49958,86.76,82.77,89.6,417576,2488112,85.5320560443,227,31.399,107.63333333333333,75.154,3.906695515157598,71.10966666666667,53.3910246,100,33024181,87.97333333333333,78.97,72.46333333333334,93.33333333333334,110.89333333333333,1.88,1.69,13909633,1441186,72777,9912.333333333334,1.3833333333333333,8208125,247978.88999999998,89.0171382540168,93.04,94.74,5,197393776,0,3378118,39265,46064,3
2005-07-01,1842311,1731537,529076,457065,1578306,1854309,121051,111005,834760,721269,3054716,3034571,1489111,1619789,288044,264241,39588,43416,93.99,86.39,117.49,91.7,86.4,99.34,108.78,91.74,1699357,1965314,1777155,1884030,115.65044896393167,106.01382546823434,629594,547566,151066,124045,55147,49658,86.97,82.11,90.05,424539,2610621,86.2508920092,227,32.318666666666665,111.24,75.154,3.906695515157598,69.87766666666667,53.3910246,100,33024181,89.83333333333333,78.48666666666666,78.37333333333333,97.15666666666667,113.02333333333334,2.0433333333333334,1.8233333333333333,14437034,1660241.6666666667,74629.33333333333,9954.666666666666,1.42,8208125,287071.37666666665,75.54721038908069,93.84333333333333,94.55333333333333,5,130509981.66666667,2.6666666666666665,3378118,40312.333333333336,46827,3
2005-10-01,1823885,1713201,554068,471201,1777405,2140176,129202,128305,863585,752121,3283049,3237828,1507198,1711916,289281,270712,17380,15452,93.93,85.04,120.41,99.31,87.09,98.62,113.58,93.58,1906607,2268481,1796479,1982628,118.97999954893695,110.36188009990653,600200,526040,181314,150558,83453,75523,87.64,83.04,90.5,433102,2880608,87.01942848723333,227,33.45666666666666,117.28999999999999,75.154,3.906695515157598,71.443,53.3910246,100,33024181,89.09666666666666,79.08,75.67666666666668,99.32,115.17,2.17,1.9233333333333333,14694198.666666666,1854266.3333333333,74928.66666666667,10018,1.5366666666666666,8208125,352778.35333333333,73.20538481259742,93.53666666666666,94.80333333333333,5,99616889,0.3333333333333333,3378118,39938,47367,3
2006-01-01,1837383,1715115,463804,494728,1615378,1893615,132966,115571,800810,712096,2968079,3015255,1517932,1667297,278636,254840,14708,6267,93.35,106.67,117.22,86.92,88.92,101.59,109.84,91.46,1748344,2009186,1796568,1922137,114.9193751344129,106.98938197719208,640042,570780,120479,104710,40427,36606,89.18,86.91,90.55,449150,2657718,87.77331377813333,247.7,32.32233333333333,116.88333333333334,81.328,3.994476754515445,77.52333333333334,64.28825914,102.09,35485099,87.94,80.15333333333334,72.14666666666668,98.09333333333333,111.76333333333334,2.2933333333333334,1.99,15742471.666666666,1935100,77958,10024.333333333334,1.68,8671375,306420.5233333333,70.73063523139449,93.25,94.83666666666667,5,99737002,0,3519827,53714.666666666664,63728,0
2006-04-01,1808483,1707536,501861,427515,1751336,2073218,127477,113177,838033,749119,3078166,3020629,1592868,1809176,286475,264970,17183,24210,94.42,85.19,118.38,88.78,89.39,98.13,113.58,92.49,1878813,2186395,1879343,2074146,116.37108110280268,110.36548410801008,660876,592875,131592,114446,45870,41798,89.71,86.97,91.12,451939,2592735,88.380900673,247.7,32.184333333333335,114.41666666666667,81.328,3.994476754515445,87.54133333333333,64.28825914,102.09,35485099,89.30666666666666,84.80333333333333,74.17,103.17,114.24,2.42,2.06,16871316.333333332,2360985.6666666665,77083.33333333333,10061.666666666666,1.6633333333333333,8671375,320133.4666666667,82.30831604247695,97.61666666666666,95.87,5,199918034.33333334,0.3333333333333333,3519827,39781,47128.666666666664,0
2006-07-01,1874033,1766385,529175,462342,1840530,2242407,133035,118269,865920,783361,3274244,3200487,1602684,1906319,286707,269026,3408,3068,94.26,87.37,121.83,88.9,90.47,97.75,118.95,93.83,1973565,2360676,1889391,2175345,119.61480873444756,115.1347180123119,673203,611572,139757,122595,53279,49194,90.85,87.72,92.33,462607,2749789,88.9172503511,247.7,32.776333333333334,116.18666666666667,81.328,3.994476754515445,89.413,64.28825914,102.09,35485099,89.52666666666667,86.56666666666666,75.08,107.89666666666666,118.48333333333333,2.5433333333333334,2.13,16283715.333333334,1578064,77269.66666666667,10152.666666666666,1.7266666666666666,8671375,351780.54,83.68275025127824,102.01666666666667,95.74,5,116973886.66666667,2,3519827,40324.666666666664,47784.333333333336,0
2006-10-01,1864173,1753578,567837,491815,1911646,2309311,144155,128354,898835,817754,3425106,3336216,1608237,1906451,283149,268429,12129,10284,94.07,86.61,120.8,89.04,90.98,97.4,118.54,94.8,2055801,2437665,1891386,2174880,118.57494961817802,114.98869083307162,657728,600526,163128,144557,78489,72671,91.3,88.62,92.59,470630,2916559,89.56594649733333,247.7,32.851,117.71333333333332,81.328,3.994476754515445,91.23266666666666,64.28825914,102.09,35485099,89.01,87.34,73.13,106.41666666666667,118.10333333333334,2.67,2.2,18481521.666666668,2092637.6666666667,79190,10205.666666666666,1.7666666666666666,8671375,397675.0133333333,83.72646747949716,100.72666666666666,95.93666666666667,5,116972375,0,3519827,40291.666666666664,48445.666666666664,0
2007-01-01,1869523,1755335,471035,507748,1768396,2140317,144742,127062,787574,728514,3135562,3164736,1514460,1786199,282164,264334,-35583,-43707,93.89,107.79,121.03,87.79,92.5,100.93,117.94,93.68,1913138,2267379,1796624,2050533,118.51622831181024,114.13256196065508,632328,585064,108024,99887,46867,43563,92.53,92.47,92.95,486124,2736740,90.21273269523333,255.6,32.916333333333334,119.43666666666667,92.738,1.0194798003448398,96.26366666666667,71.11655901,105.331,37875992,88.8,88.73,72.32333333333334,106.35333333333334,117.33333333333334,2.7933333333333334,2.23,19363323.666666668,2100435.3333333335,83149.33333333333,10242,1.84,8963712,371946.4066666667,69.0241863974712,100.25666666666666,96.02666666666667,5,97520884,0,3716063,54459.333333333336,63257,0
2007-04-01,1850264,1745744,509153,441909,1934883,2347520,135217,120575,871338,803695,3297423,3194285,1679795,2039222,289690,273350,38447,47414,94.35,86.79,121.33,89.17,92.24,96.87,121.4,94.36,2070100,2468095,1969485,2312572,119.22588280759383,117.42013775174729,701044,647525,125221,114033,45149,42137,92.37,91.07,93.33,485536,2728201,90.76150327203334,255.6,33.11233333333333,120.74000000000001,92.738,1.0194798003448398,103.53433333333334,71.11655901,105.331,37875992,89.54333333333334,91.93666666666667,72.66,112.75333333333333,120.44,2.9633333333333334,2.33,20538617,2396817,82849.66666666667,10255.666666666666,2.1233333333333335,8963712,423105.61333333334,92.28234258328598,103.94333333333333,96.96,5,222506878,0,3716063,40278.666666666664,47687,0
2007-07-01,1947071,1856530,548496,485865,2082429,2548156,147422,132803,908878,844926,3535273,3453398,1727639,2116131,316208,300573,3633,1822,95.35,88.58,122.36,90.08,92.96,97.68,122.49,95.06,2229851,2680959,2043847,2416704,120.23041001394263,118.24290174362366,718882,669604,136218,124771,53753,50551,93.15,91.6,94.04,495795,2892541,91.27349834543334,255.6,32.90833333333333,117.77666666666667,92.738,1.0194798003448398,100.09366666666666,71.11655901,105.331,37875992,90.83333333333334,93.17,76.40333333333334,114.62333333333333,120.73,3.17,2.4933333333333336,23013389,3654865.3333333335,83471.66666666667,10328,2.39,8963712,466813.3333333333,89.51013861818818,106.15333333333334,97.02333333333334,5,130974591,1.3333333333333333,3716063,41910.666666666664,49195.333333333336,0
2007-10-01,1894450,1833589,579557,512403,2154047,2618638,145374,134196,892302,842223,3650481,3551498,1685628,2108504,300581,291357,8932,10310,96.79,88.41,121.57,92.31,94.39,97.29,125.09,96.93,2299421,2752834,1986209,2399861,119.71857263197995,120.82620711113483,646445,609337,170219,159490,77236,73396,94.26,93.7,95.03,508794,3058901,91.75478726123333,255.6,32.43366666666667,113.06666666666666,92.738,1.0194798003448398,104.991,71.11655901,105.331,37875992,93.00333333333333,95.52333333333333,81.53333333333333,119.02666666666667,120.55333333333334,3.2933333333333334,2.566666666666667,22448829.333333332,2862499.3333333335,82097.33333333333,10350,2.38,8963712,487406.23666666663,81.21036376349255,108.42666666666668,97.7,5,126962574.33333333,0.6666666666666666,3716063,41118.666666666664,52642.666666666664,0
2008-01-01,1910240,1844458,486004,526616,2057356,2464953,145639,132084,803821,791142,3375756,3324515,1705675,2162995,293862,278875,25025,7132,96.56,108.36,119.81,90.69,98.42,98.48,126.81,94.9,2202995,2597037,1999537,2441870,117.88664976543298,122.12177119003049,648925,637176,104728,104935,50257,49031,98.19,100.2,97.56,533539,2871578,92.0147847096,248.6,31.528666666666666,105.20333333333333,109.245,3.101896103724267,118.83333333333333,96.99045376,111.51,39957272,91.98666666666666,101.42,78.15,121.88333333333333,117.45,3.42,2.62,20752479.666666668,2691515,82150.66666666667,10373.333333333334,2.34,8465172,426146.38666666666,80.56789774068085,110.98333333333333,97.85000000000001,5,101313695,0,3845187,55259.666666666664,64594.333333333336,0
2008-04-01,1841257,1791350,517940,459718,2172737,2579639,140221,129432,784613,778348,3483881,3314490,1717638,2233068,281809,266191,51349,75262,97.29,88.76,118.73,92.31,99.2,95.14,130.01,94.46,2312958,2709071,1999447,2499259,117.12581897293421,124.99751181201601,615333,606987,123350,126137,46563,45224,98.64,102.26,97.12,534345,2724846,91.87848609076667,248.6,30.439333333333334,104.51,109.245,3.101896103724267,124.90533333333333,96.99045376,111.51,39957272,93.29333333333334,109.49,80.14666666666666,127.95333333333333,117.97,3.5433333333333334,2.6633333333333336,21224806.666666668,2756262.3333333335,81239.33333333333,10407.333333333334,2.3533333333333335,8465172,450192.37333333335,78.70814322131422,116.94,98.84333333333333,5,248032358.33333334,0,3845187,40689.666666666664,48802,0
2008-07-01,1866321,1837263,541393,486378,2175852,2598824,138908,129804,776663,777918,3486123,3242391,1752852,2388122,278265,269752,51576,70078,98.44,89.84,119.44,93.45,100.16,93.01,136.24,96.94,2314760,2728628,2031117,2657874,117.87952098705696,130.85774970127275,592244,590365,135836,139182,49148,48371,99.68,102.46,98.42,543969,2691914,91.07922928256667,248.6,31.185,107.61333333333333,109.245,3.101896103724267,119.44466666666666,96.99045376,111.51,39957272,94.94,109.92333333333333,83.81666666666666,130.56,119.91,3.5866666666666664,2.7133333333333334,16817615.333333332,2009544,79026.33333333333,10435,2.3033333333333332,8465172,474155.17666666664,70.630499147839,120.75333333333333,99.54333333333334,5.641666666666667,126445408,2,3845187,41861.666666666664,51349,0
2008-10-01,1812231,1777280,597748,538106,1771806,1998447,147740,138194,700329,701846,3381808,3233700,1393029,1683674,264602,262420,54004,25921,98.07,90.02,112.79,93.54,100.22,95.62,120.86,99.18,1919546,2136641,1657631,1946094,111.30970552411871,117.40212387437252,450424,449483,178368,177750,72527,74613,99.79,99.65,102.88,555007,2721380,89.5968454728,248.6,32.983666666666664,96.11,109.245,3.101896103724267,91.16833333333334,96.99045376,111.51,39957272,94.73666666666666,100.18666666666667,86.71,112.37333333333333,113.45333333333333,2.5833333333333335,2.03,11825015.333333334,1247815,79414.33333333333,10396,2.0166666666666666,8465172,382868.8,56.76918393567277,105.86333333333333,97.92999999999999,5,111021299.33333333,0,3845187,39900.666666666664,52171.666666666664,0
2009-01-01,1844255,1769126,502890,554354,1508294,1679595,138463,125724,613242,616044,3109895,3107886,1134430,1292221,231344,227210,-130795,-117526,95.93,110.23,111.36,90.8,100.46,99.94,113.91,98.21,1646757,1805319,1365774,1519431,109.6287430385904,111.25054364777773,452504,453220,121875,122122,38998,40702,100.16,100.2,104.37,572679,2602714,88.24239726936666,226.31,33.98233333333334,93.71333333333334,92.698,-13.932851083102031,89.36833333333334,61.75692222,109.753,41683696,91.97666666666666,96.56666666666666,80.34666666666666,107.54,109.62666666666667,1.3333333333333333,0.8200000000000001,11893277.333333334,1488251.3333333333,84864.66666666667,10249,1.0166666666666666,8142946,326046.3333333333,46.462256609710266,98.66333333333334,96.83,5,81830547,0,4395004,49347.666666666664,56675.333333333336,0
2009-04-01,1804752,1734085,530294,464167,1785081,1948527,148291,134916,643934,625259,3277642,3102866,1386492,1577864,238138,232047,6893,5823,96.08,87.53,109.16,90.98,97.1,94.67,113.8,97.44,1933372,2083443,1624630,1809911,107.76213786069107,111.40450441023495,449927,437280,144908,138369,48874,49610,97.19,95.49,101.51,547974,2569806,87.8542359223,226.31,33.13133333333333,97.27333333333333,92.698,-13.932851083102031,95.645,61.75692222,109.753,41683696,92.5,95.22,80.71333333333332,108.35666666666667,107.64333333333333,1.25,0.77,16220387.333333334,3145603.3333333335,91902.33333333333,10237,0.6133333333333333,8142946,410561.7,48.21330883188393,100.36333333333333,97.42999999999999,5,204150350.33333334,0.3333333333333333,4395004,39036.666666666664,46424.666666666664,0
2009-07-01,1880227,1821893,563307,507597,2019116,2242845,148864,136381,740052,731644,3446617,3265332,1560776,1851914,272374,266121,-51963,-56993,96.9,90.11,111.08,91.61,98.86,94.74,118.65,97.7,2167980,2379226,1833150,2118035,109.74390907665199,115.54073589177098,528099,524624,161535,155437,50327,51583,99.34,96.22,102.5,554343,2706129,88.2715133626,226.31,32.797000000000004,93.61,92.698,-13.932851083102031,99.667,61.75692222,109.753,41683696,93.66,96.03999999999999,83.83333333333334,113.78666666666666,110.01666666666667,1.25,0.77,18110177.666666668,2589675.6666666665,96490,10273.666666666666,0.5666666666666667,8142946,462548.06333333335,58.85756774315722,104.65333333333334,97.68333333333334,5,114346079.33333333,0.6666666666666666,4395004,40026,47449.666666666664,0
2009-10-01,1897898,1837473,615948,549555,2103012,2307894,170565,156716,795836,790125,3671994,3443361,1610859,1911258,280010,273093,-3151,-14051,96.82,89.22,109.74,91.88,99.28,93.77,118.65,97.53,2273577,2464610,1890869,2184351,108.40231054413377,115.52101176760527,520181,518046,189564,183326,85500,88753,99.59,96.71,103.8,561487,2972871,88.99781065126666,226.31,32.315333333333335,89.68,92.698,-13.932851083102031,106.826,61.75692222,109.753,41683696,93.54333333333334,95.90666666666667,82.48333333333333,115.78,110.57333333333334,1.25,0.89,19721287.333333332,2669959.6666666665,101804.66666666667,10354.333333333334,0.5133333333333333,8142946,502389.21,72.70381823478856,105.40333333333334,98.12666666666667,5,109767086.66666667,0.3333333333333333,4395004,40713.333333333336,47362.666666666664,0
2010-01-01,1903670,1839286,512397,565523,2108176,2390883,157668,145547,752064,756774,3469061,3411644,1706075,2055740,301662,292581,73796,61952,96.62,110.37,113.41,92.31,100.63,98.34,120.5,96.99,2265844,2536430,2007737,2348321,111.94195187312101,116.96357640467849,604876,607360,109069,110209,37940,39205,100.41,101.05,103.33,575636,2963359,89.7712266699,298.32,31.955666666666666,90.65333333333334,105.403,9.00563514610879,114.53966666666668,79.04077178,111.761,43464320,93.16,97.75666666666666,80.96333333333334,116.85666666666667,111.69666666666667,1.25,0.89,19763595.666666668,2204961.3333333335,105493.66666666667,10381.666666666666,0.54,9415074,489891.62,75.99531197832452,108.11333333333333,98.26333333333334,5,98434083,0,5567277,54156.333333333336,60751.666666666664,0
2010-04-01,1882465,1821672,544612,481404,2416859,2744387,177311,163823,804798,798120,3671620,3467834,1885248,2306455,322017,311921,74009,76804,96.77,88.39,113.55,92.39,99.17,94.45,122.34,96.86,2594170,2908210,2207265,2618376,112.10560603198712,118.62535762584012,591985,586519,150931,148741,61641,62860,99.08,98.55,101.98,566616,2961388,90.5871898007,298.32,31.929333333333332,92.02333333333333,105.403,9.00563514610879,119.45066666666666,79.04077178,111.761,43464320,93.51666666666667,100.04666666666667,81.40666666666667,119.56,112.82333333333334,1.2933333333333332,0.9333333333333333,19539165.333333332,2076114.6666666667,105906.33333333333,10452,0.6066666666666667,9415074,546437.6266666667,87.3833545426736,110.86,98.58333333333333,5,201050751,0,5567277,41174.666666666664,48974.333333333336,0
2010-07-01,1965695,1913865,571154,515221,2467733,2746975,174889,161650,887590,893141,3844371,3604351,1914157,2339250,338295,331157,46988,43906,97.36,90.21,111.32,92.43,100.63,93.76,122.21,97.89,2642622,2908625,2252452,2670407,110.06587396911098,118.5555563448189,686918,692763,151381,148270,49417,52108,100.85,97.94,105.45,581726,3035242,91.3103720613,298.32,31.966333333333335,85.85666666666667,105.403,9.00563514610879,120.773,79.04077178,111.761,43464320,94.01,98.87,82.9,120.13333333333334,112.35333333333334,1.38,1.02,20411630.333333332,2530460.6666666665,108369,10546.333333333334,0.5566666666666666,9415074,564284.2966666666,97.21382315838541,109.55,98.61,5,117117303.33333333,1.6666666666666667,5567277,41885.333333333336,48669,0
2010-10-01,1951184,1906179,610238,559505,2533223,2666629,190413,177846,880720,882039,3904860,3576516,1942263,2321268,319003,309144,18828,14730,97.69,91.69,105.27,93.4,100.15,91.59,119.51,96.91,2723636,2844475,2261266,2630412,104.436679497554,116.32474905650199,600244,600820,187868,185883,91546,95336,100.1,98.94,104.14,585374,3086214,91.80917435976667,298.32,30.738333333333333,82.59333333333333,105.403,9.00563514610879,136.64133333333334,79.04077178,111.761,43464320,94.58,99.3,84.13,120.27333333333334,109.83666666666667,1.5433333333333332,1.13,22499281.333333332,2594689,111296.66666666667,10592.666666666666,0.6133333333333334,9415074,562710.1766666666,99.15303669390669,110.97666666666667,98.87666666666667,5,124145886,0.3333333333333333,5567277,41593,50459,0
2011-01-01,1990540,1938011,526783,578175,2322708,2549655,183511,172093,822339,835707,3702259,3552329,1855030,2261258,309412,296386,51187,36332,97.36,109.76,109.77,93.78,101.63,95.95,121.9,95.79,2506219,2721748,2164442,2557644,108.59976721906585,118.16643735429271,681378,690016,108406,111584,32897,34107,101.27,102.93,103.68,596961,3142939,92.14190342106667,299.52,29.512,82.3,125.442,5.956769665269517,150.369,104.0093975,116.538,45399844,94.34666666666666,101.63666666666667,82.73666666666666,124.81,110.33333333333334,1.63,1.19,23376072.333333332,2387523.6666666665,115329,10617.666666666666,0.6900000000000001,9583873,505796.99333333335,84.82648746522163,114.68333333333334,99.18,5,103325834.66666667,0,6087484,56895,64106.333333333336,3
2011-04-01,1947995,1906974,551034,494927,2505510,2736927,194195,183264,840564,843269,3824353,3470395,1908257,2419199,328921,317865,35727,42098,97.89,89.82,109.24,94.37,100.32,90.74,126.78,96.64,2699705,2920191,2237178,2737064,108.16704047294057,122.3444893522107,645756,646442,142616,143063,52206,53764,100.11,100.31,102.98,589656,2949966,92.49504345046667,299.52,28.898666666666667,81.70666666666666,125.442,5.956769665269517,152.03333333333333,104.0093975,116.538,45399844,95.04666666666667,102.32666666666667,83.57333333333334,128.40333333333334,111.42,1.75,1.28,23614160.333333332,2123457.6666666665,114458.33333333333,10671.333333333334,0.8333333333333333,9583873,545213.0633333334,87.21646107008114,117.19,99.81666666666666,5,229153898.33333334,1,6087484,41781,50433.333333333336,3
2011-07-01,2030713,1987828,584955,545246,2480877,2715458,194088,183325,826001,843242,3970589,3645975,1839942,2325884,322625,314736,13516,11496,97.89,93.21,109.46,94.45,102.09,91.82,126.41,97.55,2674965,2898783,2162567,2640620,108.36713751394878,122.10581221298578,638706,651629,140029,141331,47377,50282,102.02,100.93,106.13,605457,3010452,92.93902664463333,299.52,29.200666666666667,77.82000000000001,125.442,5.956769665269517,150.17266666666666,104.0093975,116.538,45399844,95.28,102.61,84.32,129.1,112,1.88,1.36,21070630.666666668,2498502.6666666665,116067.33333333333,10761.333333333334,0.9133333333333333,9583873,549830.8666666667,72.3552619557459,116.05333333333333,99.80333333333334,5,126518531.33333333,0.6666666666666666,6087484,43048.333333333336,50205,3
2011-10-01,1967088,1942159,624902,573650,2533037,2778124,221001,210147,789336,810944,3939774,3593502,1804532,2315987,349672,349134,-52001,-56401,98.73,91.8,109.68,95.09,102.74,91.21,128.34,99.85,2754038,2988271,2154204,2665121,108.505075093372,123.71720598420578,538526,552101,174892,177711,75427,81132,102.52,101.61,107.56,614924,3016066,93.38153398226666,299.52,30.264333333333333,77.40333333333334,125.442,5.956769665269517,136.64033333333333,104.0093975,116.538,45399844,95.93666666666667,102.57333333333334,86.21666666666667,131.00333333333333,113.37666666666667,1.88,1.36,19432051.666666668,1722985.6666666667,116057.66666666667,10785,0.9666666666666667,9583873,564333.41,74.29388471791286,113.73,99.89333333333333,5,129205274.33333333,0,6087484,42319.333333333336,51855.666666666664,3
2012-01-01,2029409,1988661,539149,610071,2294865,2549160,207700,197583,763514,795097,3742573,3573234,1753000,2227664,355737,351277,24876,11603,97.99,113.15,111.08,95.13,104.14,95.48,127.08,98.75,2502565,2746743,2108737,2578941,109.75710920595469,122.29789679794114,639159,662565,96225,101570,28896,30962,103.66,105.55,107.15,628383,3080930,93.72086538763334,291.56,29.723333333333333,79.26666666666667,119.813,0.07096427821280049,139.71233333333333,105.0096289,119.226,47520588,95.55666666666667,103.03,85.43,130.32,112.13,1.88,1.36,21405275.333333332,2142951.6666666665,119235.33333333333,10801.333333333334,0.9566666666666667,10239760,517542.19,67.48994799632915,114.25666666666666,99.70333333333333,5,102542274.66666667,0,7311470,56111,66310.66666666667,0
2012-04-01,1988257,1966290,574281,527447,2458491,2716084,209374,200804,803991,820602,3864101,3560576,1851623,2370783,331767,329500,20620,29632,98.9,91.84,110.48,95.91,102.07,92.15,128.04,99.32,2667865,2916888,2183390,2700283,109.33416795827375,123.67387411319095,633966,645143,124675,127277,45533,48182,101.76,102.09,105.82,614798,3013226,93.9100269369,291.56,29.658333333333335,80.17666666666666,119.813,0.07096427821280049,136.293,105.0096289,119.226,47520588,96.61666666666666,104.31666666666666,86.44666666666667,127.06666666666666,110.76,1.88,1.36,20134625.333333332,1486340.3333333333,118347.66666666667,10835.333333333334,0.9066666666666667,10239760,546162.1599999999,80.25567402292822,115.36,100.78,5,245928903,0.6666666666666666,7311470,42333,51174,0
2012-07-01,2058826,2052738,589847,554364,2564175,2765002,203185,196106,845474,867383,4057126,3761673,1878046,2332673,349414,349374,12459,8127,99.7,93.98,107.83,96.52,102.59,92.72,124.21,99.99,2767360,2961108,2227460,2682047,107.00118524514339,120.40831260718488,675845,691572,127562,130415,42490,45396,102.33,102.24,106.84,622371,3156025,94.03120338606666,291.56,29.86766666666667,78.60333333333334,119.813,0.07096427821280049,133.98033333333333,105.0096289,119.226,47520588,98.08666666666667,103.04333333333334,90.37,126.36,109.68666666666667,1.88,1.36,20496396.333333332,1608399.3333333333,119534.66666666667,10887.333333333334,0.8733333333333333,10239760,556622.7566666667,77.35793072003962,115.33666666666667,101.11,5,123411467.33333333,2,7311470,42970.333333333336,50140,0
2012-10-01,2012007,2008161,638452,592606,2684480,2797266,218664,212670,823322,830671,4116109,3782282,1903524,2282300,347054,344129,-25217,-32663,99.81,92.82,104.2,97.26,100.89,91.89,119.9,99.16,2903144,3009936,2250578,2626429,103.6784947629191,116.70019879337663,590046,593671,158249,159189,74411,77811,100.61,100.59,104.57,615970,3169963,94.23134185856667,291.56,29.213,81.11333333333333,119.813,0.07096427821280049,134.56466666666665,105.0096289,119.226,47520588,97.70666666666666,102.17333333333333,88.61666666666666,122.99666666666667,107.30333333333333,1.88,1.36,20678923.666666668,1508364,120751.33333333333,10915.333333333334,0.8533333333333333,10239760,596141.47,72.75255703651911,113.98,101.36333333333333,5,127016419.33333333,0,7311470,43126,52226,0
2013-01-01,2048997,2029701,535930,606806,2381658,2563393,211557,205779,826783,844456,3798607,3670889,1863866,2257892,341820,336768,21223,15414,99.06,113.22,107.63,97.27,102.14,96.64,121.14,98.52,2593215,2769172,2205686,2594660,106.78528390434268,117.63505775527432,702520,713657,90475,95349,34688,35450,101.59,105.39,102.2,624974,3224110,94.6283754954,305.58,29.549,92.37333333333333,118.315,-0.7942695501722798,136.201,104.0774975,115.873,50025054,97.28666666666666,103.12333333333333,87.28,123.10333333333332,108.19666666666667,1.88,1.36,22006180.666666668,1448513.3333333333,125459,10923.666666666666,0.8466666666666667,11052908,507170.2133333333,75.89163125464319,114.34666666666666,101.29666666666667,5,103807890,0,8016280,55157,61883,0
2013-04-01,2038802,2019706,562062,521508,2551804,2774773,223407,216779,862778,854303,3967499,3721253,1886350,2294227,349911,344884,-35432,-26705,99.06,92.78,108.74,97.03,99.02,93.79,121.62,98.56,2775211,2991552,2236261,2639111,107.79547933472446,118.0144446466669,698060,688837,116847,117061,48296,48405,98.68,100.18,100.23,608260,3161955,95.1549062116,305.58,29.952333333333332,98.70333333333333,118.315,-0.7942695501722798,129.60466666666667,104.0774975,115.873,50025054,97.38333333333333,102.46666666666667,87.66666666666666,120.56333333333333,108.16,1.88,1.36,22792015.666666668,1588540,126489.66666666667,10942.333333333334,0.82,11052908,540147.9,82.68788792262087,113.02,101.28,5,239961168.33333334,0,8016280,42622.666666666664,49682.666666666664,0
2013-07-01,2104484,2093824,583780,546935,2591310,2758628,229652,222282,872554,870874,4136219,3877352,1891610,2250659,364568,360550,-3366,-3982,99.49,93.69,106.46,96.79,99.81,93.74,118.98,98.9,2820962,2980910,2256178,2611209,105.6699806661699,115.73594813884365,712559,708545,124127,125220,36728,37109,99.44,100.88,101.04,618508,3327573,95.72689332286667,305.58,29.950666666666667,98.96666666666667,118.315,-0.7942695501722798,124.681,104.0774975,115.873,50025054,98.12666666666667,102.47,89.67,120.65666666666667,107.73666666666666,1.88,1.36,22777275,1650956.3333333333,129492,10988,0.8,11052908,569000.8533333333,72.87661944092412,113.87333333333333,101.51,5,128565533.33333333,1.6666666666666667,8016280,43304.333333333336,50533.666666666664,0
2013-10-01,2102831,2099147,628092,583972,2776810,2891774,225550,221027,901659,896355,4269496,4001234,1997295,2327270,357908,354520,-19882,-9251,99.82,92.98,104.14,97.99,99.41,93.72,116.52,99.05,3002360,3112801,2355203,2681790,103.67847293462475,113.86661786690999,658434,652385,163784,164720,78900,79250,99.08,100.57,100.44,620203,3392477,96.2329064261,305.58,29.631333333333334,100.34,118.315,-0.7942695501722798,122.25266666666667,104.0774975,115.873,50025054,98.24666666666667,103.08,90.67666666666666,119.86666666666666,106.70666666666666,1.88,1.36,24092995,1625634.6666666667,131189.66666666666,11014.666666666666,0.7766666666666667,11052908,650652.9066666666,84.83357674547335,114.43333333333334,101.28333333333333,5,139040126,0.3333333333333333,8016280,43709.333333333336,53342,0
2014-01-01,2114436,2102947,558704,634048,2449875,2648494,242639,237561,860422,885567,3976799,3864177,1898264,2284981,361016,359088,20956,-371,99.46,113.49,108.11,97.91,102.92,97.17,120.37,99.47,2692514,2886055,2259280,2644069,107.18811489930971,117.031487907652,738155,755939,83823,89014,39636,40614,102.41,106.19,102.47,648877,3447751,96.67297964363334,335.84,30.362333333333332,102.78999999999999,118.018,-0.5310095619172113,125.51833333333333,96.235,115.382,52711236,98.05666666666667,103.76333333333334,89.95,121.83,108.95333333333333,1.88,1.36,24631046.333333332,1746183.3333333333,136921,11027.333333333334,0.7733333333333333,11844635,542705.6033333333,82.01174781861353,114.95,101.31,5,111367775,0,9910204,58182.666666666664,65774.66666666667,0
2014-04-01,2119640,2122119,577085,535554,2655176,2882628,257057,253838,894278,901518,4162821,3966585,1961029,2357807,369610,367670,-11998,-3595,100.12,92.8,108.57,98.75,100.81,95.29,120.23,99.48,2912233,3136466,2330639,2725477,107.69969298473028,116.9411908064698,744334,748870,109259,111384,40587,41264,100.61,101.94,101.67,636708,3444363,97.1875615059,335.84,30.162666666666667,102.13333333333334,118.018,-0.5310095619172113,126.17099999999999,96.235,115.382,52711236,98.98,104.78999999999999,91.54,120.81333333333333,108.15,1.88,1.36,25961087.333333332,1919014.3333333333,136902.33333333334,11051.333333333334,0.79,11844635,589707.8933333333,88.59148605223673,115.30333333333333,101.97,5,251246549,0.3333333333333333,9910204,43631.666666666664,50421.666666666664,0
2014-07-01,2195817,2209159,606463,573828,2782507,2939948,259612,255776,917200,929526,4338997,4137478,2058635,2401948,400696,399804,35251,30993,100.61,94.62,105.66,98.52,101.34,95.36,116.68,99.78,3042119,3195724,2459331,2801752,105.04927650759224,113.92333931463475,757724,765257,114312,117804,45725,46465,100.99,103.05,101.62,643735,3582200,97.8340544057,335.84,30.064,104.32666666666667,118.018,-0.5310095619172113,120.04899999999999,96.235,115.382,52711236,99.61,105.47333333333333,93.01,118.97333333333333,107.61,1.88,1.36,26501465.333333332,1961846.6666666667,139238,11100,0.79,11844635,625950.7533333333,83.6189467290128,115.77,102.25666666666667,5,145744681,0.6666666666666666,9910204,45492.666666666664,51315.666666666664,0
2014-10-01,2172506,2168617,654950,617480,2945293,3066186,277965,275047,913061,913947,4456390,4289807,2102498,2341135,422026,421189,10491,10854,99.82,94.28,104.1,98.95,100.1,96.26,111.35,99.8,3223258,3341233,2524524,2762324,103.6601165652889,109.41959751620503,683169,681920,146601,149081,82998,82946,99.82,101.69,99.94,641049,3654176,98.52582384143334,335.84,30.892,114.52666666666667,118.018,-0.5310095619172113,112.58366666666667,96.235,115.382,52711236,99.07000000000001,104.64333333333333,94.08666666666667,112.44666666666666,106.53666666666668,1.88,1.36,26391882.333333332,1672468,140382,11136,0.84,11844635,771297.78,83.31292613148042,110.94333333333333,101.06666666666666,5,150343302.33333334,0,9910204,44169.333333333336,54580.666666666664,0
2015-01-01,2186761,2161218,542866,626766,2601584,2720598,265727,260018,868308,890977,4167494,4215980,1917567,2052073,394771,391009,10311,-515,98.83,115.46,104.57,97.85,102.61,101.16,107.01,99.05,2867311,2980616,2312338,2443082,103.95161180632306,105.65419069357506,760703,776981,80566,85390,28302,28606,102.14,105.99,101.07,664224,3770638,99.20993195223333,335.17,31.592333333333332,119.08666666666667,98.903,-3.193151181746966,105.56233333333333,50.75277778,111.82,55513524,97.48333333333333,103.48666666666666,92.63333333333333,105.49,104.47666666666666,1.88,1.36,27575968.333333332,1587433.3333333333,144692.33333333334,11160.333333333334,0.8666666666666667,13182976,600631.55,77.28733330419962,105.17333333333333,99.42666666666666,5,117793130,0,10439785,61190.666666666664,67304.33333333333,0
2015-04-01,2201533,2177524,581657,542267,2643300,2724026,266027,261715,911932,898358,4241663,4157711,1994158,2093961,399490,390887,31971,38669,98.91,93.23,103.05,98.38,98.51,98.02,105,97.85,2909327,2985741,2393648,2484848,102.62651809164112,103.81008402237923,754450,742099,108057,107819,49601,48440,98.36,99.78,97.66,638295,3552578,99.80355161766667,335.17,30.986666666666665,121.33,98.903,-3.193151181746966,104.024,50.75277778,111.82,55513524,98.28333333333333,102.49666666666667,92.83666666666666,103.85000000000001,102.19,1.88,1.36,27922099.666666668,1825711.3333333333,145170.33333333334,11178,0.8533333333333333,13182976,604896.7233333334,86.81414441579629,104.76666666666667,100.46333333333334,5,280398126.6666667,0.3333333333333333,10439785,44432.666666666664,51153,0
2015-07-01,2223411,2215606,608464,575749,2709580,2761020,274733,270471,960588,950119,4326715,4286649,2045866,2080853,414921,413716,11886,8253,99.65,94.62,101.9,98.45,98.91,99.07,101.71,99.71,2984313,3031491,2460787,2494569,101.58086635014492,101.37281284402104,810895,800430,107392,107152,43173,42537,98.71,99.78,98.53,648237,3628471,100.26923307713334,335.17,32.20633333333333,122.25333333333333,98.903,-3.193151181746966,98.30833333333334,50.75277778,111.82,55513524,99.35,101.06333333333333,96.35,102.85333333333334,102.64666666666666,1.8366666666666667,1.3333333333333335,24344227,1680415.6666666667,147664,11218,0.8333333333333334,13182976,673859.06,95.53898069891767,103.09,100.55333333333333,5,138570593.66666666,1.6666666666666667,10439785,46099,52685,0
2015-10-01,2236849,2233216,661180,618929,2865596,2870854,290417,288394,940214,924304,4447363,4394740,2117368,2110762,424692,426226,-2651,-3969,99.84,93.61,100.18,99.3,98.31,98.82,99.69,100.36,3156013,3159248,2542060,2536988,100.10250274634483,99.80047677867556,722534,709946,144413,142454,73106,71904,98.26,98.64,98.36,650880,3801460,100.65696833213333,335.17,32.845,121.50333333333333,98.903,-3.193151181746966,93.592,50.75277778,111.82,55513524,99.39333333333333,99.79666666666667,98.28333333333333,100.51333333333334,101.81333333333333,1.71,1.2566666666666666,24635094,1636935,149672.33333333334,11234,0.7366666666666667,13182976,781438.1766666668,88.56401509126134,100.29333333333334,99.83666666666667,5,174857180.66666666,0,10439785,44512.333333333336,53550.333333333336,0
2016-01-01,2249802,2237422,578160,671308,2422764,2472748,294309,293859,879942,897065,4163911,4318253,1833136,1827383,412242,414917,-12620,-11849,99.45,116.11,102.06,99.85,101.95,103.71,99.69,100.65,2717073,2766607,2245378,2242300,101.82306474651215,99.86291840393912,774588,786949,79132,82577,27137,27539,101.6,104.35,101.48,684665,3807946,101.06945031146667,338.93,33.35033333333333,115.49,100,-3.039228026131353,94.107,42.81166667,106.066,58464775,99.18333333333334,99.27333333333333,98.74333333333334,98.75,101.39666666666666,1.5866666666666667,1.1833333333333333,24816382.333333332,1444205,153942.66666666666,11237.333333333334,0.68,14588923,584670.5633333334,82.78388859269617,98.70666666666666,99.35333333333334,5,115168005.66666667,0,10690279,60122.333333333336,68511.66666666667,0
2016-04-01,2246384,2241272,594539,565295,2568525,2598761,277213,276394,925334,922633,4313374,4258596,1911235,1955850,403079,403963,14881,14054,99.77,95.08,101.18,99.7,99.71,98.73,102.33,100.22,2845738,2875155,2314314,2359813,101.0337213053345,101.96598214416885,775755,773190,102232,101455,47548,47988,99.67,99.24,100.93,668897,3680440,101.50890304443332,338.93,32.44266666666667,108.17333333333333,100,-3.039228026131353,100.29433333333333,42.81166667,106.066,58464775,99.59333333333333,100.60333333333334,98.51,100.54333333333334,100.03333333333333,1.5,1.13,25099402,1357175.6666666667,154286.33333333334,11246.666666666666,0.6433333333333333,14588923,575172.77,96.69660108668735,99.73666666666666,100.03333333333333,5,293826934.6666667,0,10690279,45297,52299.333333333336,0
2016-07-01,2289433,2290400,629654,601924,2714376,2667773,275458,273340,1004728,1003086,4456444,4393874,2012963,1997600,440212,438736,-6142,-6313,100.04,95.6,98.28,99.23,99.84,98.6,99.24,99.66,2989834,2941113,2453175,2436336,98.37044464675967,99.31358341740805,855251,854033,109742,109018,39920,40035,99.86,99.34,100.29,673477,3732371,102.03235615023333,338.93,31.728,102.39333333333333,100,-3.039228026131353,102.83033333333333,42.81166667,106.066,58464775,100.05666666666667,99.91,99.19,99.41,98.72,1.38,1.04,26752869,1481110.3333333333,157057.33333333334,11280.333333333334,0.5566666666666666,14588923,671338.88,100.56557578406094,100.06666666666666,100.40333333333334,5,158805336.66666666,1.3333333333333333,10690279,46410,52071.333333333336,0
2016-10-01,2296456,2312981,679889,643715,2966390,2932773,289093,292480,997563,984783,4621539,4584545,2183269,2159770,418607,416524,-6120,-5893,100.72,94.68,98.87,101.17,98.72,99.2,98.92,99.5,3255483,3225253,2601876,2576294,99.07141275196338,99.01678634954165,767229,758651,157008,155064,72025,71068,98.88,98.76,98.67,673917,3982224,102.7207012773,338.93,31.780333333333335,109.11333333333333,100,-3.039228026131353,102.76866666666668,42.81166667,106.066,58464775,101.17,100.21666666666667,103.55666666666666,101.29333333333334,99.85333333333332,1.38,1.04,27356306,1307888.6666666667,159107.33333333334,11304.333333333334,0.64,14588923,768696.67,111.03319346239566,101.48666666666666,100.21,5,173558207.66666666,0.3333333333333333,10690279,45309.333333333336,52994.333333333336,0
