year,month,Total Not in Labor Force,Intend and be available  to work  but not seeking,Attending school or rebrushing to take entrance exams,Housekeeping,Old age & disable,Others,
1978,Ave.,4 448, 67,1 150,2 372, 637, 222,
1978,Jan.,4 420, 74,1 152,2 346, 594, 254,
1978,Feb.,4 468, 75,1 162,2 387, 584, 259,
1978,Mar.,4 531, 79,1 216,2 364, 583, 288,
1978,Apr.,4 488, 70,1 252,2 375, 588, 203,
1978,May,4 485, 61,1 240,2 364, 650, 170,
1978,June,4 432, 53,1 213,2 324, 655, 186,
1978,July,4 210, 72,1 063,2 233, 629, 213,
1978,Aug.,4 249, 73,1 004,2 287, 661, 225,
1978,Sept.,4 432, 62,1 078,2 381, 685, 226,
1978,Oct.,4 497, 62,1 104,2 437, 677, 216,
1978,Nov.,4 550, 59,1 142,2 455, 675, 219,
1978,Dec.,4 610, 60,1 172,2 507, 662, 210,
1979,Ave.,4 577, 62,1 207,2 432, 668, 208,
1979,Jan.,4 488, 70,1 181,2 378, 643, 216,
1979,Feb.,4 480, 61,1 214,2 341, 650, 214,
1979,Mar.,4 620, 53,1 295,2 416, 651, 206,
1979,Apr.,4 621, 54,1 309,2 422, 633, 204,
1979,May,4 658, 53,1 308,2 431, 665, 202,
1979,June,4 613, 48,1 331,2 342, 675, 218,
1979,July,4 385, 67,1 135,2 325, 661, 196,
1979,Aug.,4 474, 75,1 081,2 451, 668, 198,
1979,Sept.,4 578, 80,1 118,2 498, 683, 200,
1979,Oct.,4 654, 74,1 146,2 528, 692, 215,
1979,Nov.,4 702, 65,1 165,2 554, 694, 223,
1979,Dec.,4 651, 44,1 203,2 496, 699, 208,
1980,Ave.,4 749, 55,1 269,2 473, 708, 244,
1980,Jan.,4 637, 46,1 279,2 393, 703, 216,
1980,Feb.,4 681, 58,1 265,2 448, 699, 211,
1980,Mar.,4 837, 53,1 343,2 511, 682, 248,
1980,Apr.,4 846, 46,1 356,2 513, 701, 229,
1980,May,4 780, 41,1 382,2 412, 711, 234,
1980,June,4 744, 61,1 368,2 346, 700, 270,
1980,July,4 555, 73,1 164,2 373, 695, 250,
1980,Aug.,4 612, 67,1 142,2 453, 717, 233,
1980,Sept.,4 805, 63,1 205,2 564, 726, 247,
1980,Oct.,4 850, 50,1 220,2 610, 713, 256,
1980,Nov.,4 863, 57,1 252,2 577, 719, 259,
1980,Dec.,4 773, 48,1 248,2 476, 730, 271,
1981,Ave.,4 934, 60,1 303,2 575, 756, 241,
1981,Jan.,4 770, 46,1 245,2 499, 738, 241,
1981,Feb.,4 876, 60,1 296,2 574, 718, 228,
1981,Mar.,4 973, 57,1 364,2 600, 710, 242,
1981,Apr.,5 067, 50,1 391,2 638, 742, 246,
1981,May,5 023, 36,1 399,2 580, 767, 241,
1981,June,4 887, 53,1 385,2 460, 762, 227,
1981,July,4 759, 71,1 212,2 498, 750, 228,
1981,Aug.,4 878, 69,1 193,2 613, 765, 239,
1981,Sept.,5 021, 73,1 283,2 638, 764, 263,
1981,Oct.,5 009, 74,1 292,2 624, 760, 259,
1981,Nov.,4 972, 69,1 304,2 589, 775, 236,
1981,Dec.,4 972, 57,1 278,2 583, 814, 239,
1982,Ave.,5 054, 68,1 337,2 587, 782, 280,
1982,Jan.,4 950, 57,1 273,2 569, 806, 245,
1982,Feb.,5 069, 51,1 345,2 632, 775, 267,
1982,Mar.,5 185, 55,1 418,2 653, 779, 279,
1982,Apr.,5 231, 60,1 436,2 683, 770, 282,
1982,May,5 185, 53,1 435,2 641, 800, 255,
1982,June,5 054, 66,1 430,2 520, 785, 253,
1982,July,4 971, 91,1 295,2 544, 784, 257,
1982,Aug.,5 020, 83,1 269,2 598, 788, 282,
1982,Sept.,5 046, 78,1 290,2 587, 780, 310,
1982,Oct.,5 022, 82,1 282,2 583, 766, 310,
1982,Nov.,4 931, 77,1 291,2 486, 763, 314,
1982,Dec.,4 979, 66,1 277,2 544, 790, 302,
1983,Ave.,4 996, 77,1 337,2 482, 805, 296,
1983,Jan.,4 871, 83,1 274,2 449, 791, 274,
1983,Feb.,4 990, 85,1 345,2 498, 772, 290,
1983,Mar.,5 111, 92,1 393,2 546, 799, 281,
1983,Apr.,5 188, 87,1 433,2 555, 804, 309,
1983,May,5 154, 78,1 430,2 528, 820, 298,
1983,June,5 058, 75,1 415,2 457, 812, 300,
1983,July,4 918, 79,1 252,2 461, 809, 316,
1983,Aug.,4 895, 74,1 229,2 473, 817, 303,
1983,Sept.,5 008, 74,1 291,2 529, 806, 308,
1983,Oct.,4 958, 70,1 308,2 496, 790, 294,
1983,Nov.,4 854, 66,1 337,2 365, 808, 278,
1983,Dec.,4 951, 60,1 336,2 430, 826, 298,
1984,Ave.,5 052, 77,1 383,2 452, 842, 298,
1984,Jan.,4 890, 73,1 320,2 380, 819, 297,
1984,Feb.,4 971, 86,1 376,2 404, 805, 300,
1984,Mar.,5 085, 73,1 447,2 467, 805, 294,
1984,Apr.,5 175, 82,1 478,2 482, 835, 297,
1984,May,5 140, 72,1 481,2 441, 861, 285,
1984,June,5 044, 88,1 449,2 360, 871, 276,
1984,July,4 937, 93,1 266,2 423, 864, 292,
1984,Aug.,5 012, 87,1 282,2 496, 835, 312,
1984,Sept.,5 082, 79,1 326,2 537, 837, 302,
1984,Oct.,5 101, 73,1 350,2 539, 844, 295,
1984,Nov.,5 103, 59,1 411,2 470, 850, 313,
1984,Dec.,5 089, 59,1 405,2 430, 878, 318,
1985,Ave.,5 210, 86,1 426,2 491, 885, 322,
1985,Jan.,5 008, 71,1 401,2 352, 874, 311,
1985,Feb.,5 072, 81,1 395,2 432, 852, 311,
1985,Mar.,5 248, 85,1 471,2 509, 862, 322,
1985,Apr.,5 275, 76,1 480,2 515, 877, 328,
1985,May,5 257, 68,1 511,2 473, 903, 302,
1985,June,5 217, 77,1 517,2 408, 906, 309,
1985,July,5 123, 90,1 339,2 476, 895, 323,
1985,Aug.,5 231, 109,1 341,2 555, 884, 342,
1985,Sept.,5 303, 108,1 388,2 579, 890, 339,
1985,Oct.,5 275, 101,1 387,2 570, 894, 324,
1985,Nov.,5 293, 90,1 442,2 546, 877, 337,
1985,Dec.,5 216, 82,1 438,2 475, 904, 317,
1986,Ave.,5 216, 90,1 448,2 418, 914, 346,
1986,Jan.,5 105, 90,1 451,2 363, 889, 311,
1986,Feb.,5 218, 95,1 484,2 419, 872, 347,
1986,Mar.,5 328, 92,1 516,2 477, 886, 358,
1986,Apr.,5 351, 82,1 544,2 481, 896, 349,
1986,May,5 324, 84,1 538,2 437, 933, 332,
1986,June,5 225, 98,1 502,2 341, 946, 337,
1986,July,5 061, 84,1 342,2 348, 933, 354,
1986,Aug.,5 169, 92,1 348,2 446, 918, 365,
1986,Sept.,5 253, 103,1 404,2 451, 915, 380,
1986,Oct.,5 181, 96,1 400,2 414, 920, 351,
1986,Nov.,5 217, 88,1 438,2 426, 922, 343,
1986,Dec.,5 160, 80,1 408,2 407, 938, 327,
1987,Ave.,5 248, 80,1 488,2 391, 953, 336,
1987,Jan.,5 125, 86,1 455,2 339, 937, 308,
1987,Feb.,5 213, 80,1 516,2 394, 921, 302,
1987,Mar.,5 344, 85,1 568,2 453, 923, 315,
1987,Apr.,5 395, 74,1 599,2 467, 932, 323,
1987,May,5 339, 63,1 598,2 380, 970, 328,
1987,June,5 236, 87,1 545,2 304, 953, 348,
1987,July,5 148, 78,1 376,2 391, 934, 369,
1987,Aug.,5 144, 102,1 390,2 342, 958, 353,
1987,Sept.,5 244, 79,1 456,2 381, 975, 353,
1987,Oct.,5 241, 65,1 444,2 410, 979, 343,
1987,Nov.,5 275, 82,1 460,2 413, 971, 348,
1987,Dec.,5 276, 77,1 446,2 420, 987, 344,
1988,Ave.,5 449, 75,1 561,2 460,1 015, 338,
1988,Jan.,5 283, 70,1 473,2 393,1 016, 331,
1988,Feb.,5 427, 67,1 518,2 508,1 003, 331,
1988,Mar.,5 523, 70,1 594,2 544, 980, 335,
1988,Apr.,5 571, 78,1 662,2 517, 999, 315,
1988,May,5 584, 74,1 690,2 468,1 028, 325,
1988,June,5 517, 80,1 625,2 464,1 013, 335,
1988,July,5 441, 89,1 492,2 522,1 007, 332,
1988,Aug.,5 383, 82,1 506,2 419,1 027, 349,
1988,Sept.,5 486, 86,1 548,2 460,1 027, 365,
1988,Oct.,5 389, 80,1 541,2 394,1 015, 358,
1988,Nov.,5 348, 67,1 551,2 363,1 024, 342,
1988,Dec.,5 440, 61,1 535,2 473,1 036, 335,
1989,Ave.,5 565, 75,1 588,2 513,1 051, 338,
1989,Jan.,5 459, 73,1 515,2 480,1 067, 324,
1989,Feb.,5 510, 69,1 549,2 514,1 057, 322,
1989,Mar.,5 521, 71,1 597,2 494,1 030, 330,
1989,Apr.,5 581, 77,1 659,2 492,1 021, 332,
1989,May,5 591, 74,1 688,2 452,1 067, 310,
1989,June,5 612, 88,1 668,2 493,1 053, 310,
1989,July,5 575, 89,1 551,2 561,1 035, 339,
1989,Aug.,5 464, 74,1 481,2 497,1 049, 362,
1989,Sept.,5 589, 70,1 568,2 544,1 045, 362,
1989,Oct.,5 616, 76,1 584,2 538,1 066, 353,
1989,Nov.,5 609, 77,1 587,2 519,1 056, 370,
1989,Dec.,5 655, 68,1 612,2 570,1 063, 343,
1990,Ave.,5 795, 85,1 662,2 597,1 100, 351,
1990,Jan.,5 767, 97,1 647,2 607,1 073, 342,
1990,Feb.,5 809, 96,1 659,2 648,1 063, 342,
1990,Mar.,5 810, 67,1 701,2 611,1 071, 361,
1990,Apr.,5 832, 67,1 729,2 611,1 068, 357,
1990,May,5 859, 80,1 739,2 566,1 134, 339,
1990,June,5 847, 85,1 703,2 580,1 137, 342,
1990,July,5 764, 88,1 577,2 634,1 101, 364,
1990,Aug.,5 643, 98,1 580,2 484,1 118, 363,
1990,Sept.,5 759, 100,1 650,2 533,1 109, 367,
1990,Oct.,5 815, 81,1 641,2 632,1 115, 346,
1990,Nov.,5 781, 76,1 651,2 605,1 108, 340,
1990,Dec.,5 859, 88,1 663,2 657,1 106, 344,
1991,Ave.,5 927, 85,1 721,2 636,1 155, 329,
1991,Jan.,5 926, 82,1 688,2 691,1 132, 333,
1991,Feb.,5 980, 84,1 701,2 753,1 122, 320,
1991,Mar.,5 984, 78,1 761,2 703,1 120, 322,
1991,Apr.,5 958, 84,1 773,2 640,1 144, 318,
1991,May,5 912, 85,1 777,2 555,1 173, 322,
1991,June,5 917, 89,1 775,2 561,1 172, 318,
1991,July,5 843, 101,1 673,2 599,1 141, 330,
1991,Aug.,5 833, 93,1 637,2 620,1 146, 337,
1991,Sept.,5 921, 87,1 675,2 654,1 162, 343,
1991,Oct.,5 947, 84,1 700,2 663,1 171, 328,
1991,Nov.,5 955, 81,1 731,2 606,1 187, 349,
1991,Dec.,5 949, 75,1 759,2 590,1 192, 333,
1992,Ave.,6 006, 68,1 778,2 606,1 220, 335,
1992,Jan.,5 952, 68,1 753,2 605,1 197, 328,
1992,Feb.,6 014, 67,1 791,2 637,1 184, 336,
1992,Mar.,6 023, 67,1 793,2 650,1 182, 331,
1992,Apr.,6 034, 66,1 795,2 668,1 184, 322,
1992,May,6 022, 68,1 810,2 621,1 209, 315,
1992,June,6 028, 72,1 827,2 589,1 221, 319,
1992,July,5 988, 75,1 755,2 617,1 211, 330,
1992,Aug.,5 934, 63,1 720,2 597,1 222, 333,
1992,Sept.,5 993, 69,1 739,2 564,1 269, 352,
1992,Oct.,6 010, 69,1 766,2 565,1 257, 353,
1992,Nov.,6 030, 69,1 797,2 569,1 244, 351,
1992,Dec.,6 048, 65,1 785,2 590,1 262, 346,
1993,Ave.,6 213, 84,1 890,2 596,1 304, 338,
1993,Jan.,6 094, 72,1 839,2 597,1 242, 343,
1993,Feb.,6 228, 78,1 902,2 677,1 236, 336,
1993,Mar.,6 220, 92,1 920,2 631,1 250, 328,
1993,Apr.,6 213, 91,1 930,2 610,1 260, 323,
1993,May,6 232, 76,1 926,2 567,1 329, 334,
1993,June,6 273, 85,1 962,2 577,1 326, 323,
1993,July,6 221, 97,1 831,2 628,1 322, 344,
1993,Aug.,6 088, 90,1 793,2 505,1 349, 350,
1993,Sept.,6 145, 86,1 880,2 500,1 328, 351,
1993,Oct.,6 199, 86,1 875,2 572,1 323, 342,
1993,Nov.,6 299, 79,1 893,2 656,1 337, 333,
1993,Dec.,6 341, 76,1 925,2 637,1 349, 355,
1994,Ave.,6 321, 86,1 909,2 611,1 368, 347,
1994,Jan.,6 288, 67,1 934,2 628,1 332, 327,
1994,Feb.,6 426, 89,1 942,2 715,1 336, 344,
1994,Mar.,6 280, 84,1 907,2 593,1 351, 345,
1994,Apr.,6 339, 79,1 969,2 623,1 342, 327,
1994,May,6 357, 71,2 004,2 548,1 401, 332,
1994,June,6 388, 78,2 000,2 572,1 405, 333,
1994,July,6 285, 95,1 838,2 642,1 364, 347,
1994,Aug.,6 197, 111,1 788,2 578,1 364, 357,
1994,Sept.,6 330, 103,1 884,2 599,1 375, 369,
1994,Oct.,6 296, 94,1 892,2 583,1 367, 360,
1994,Nov.,6 319, 87,1 892,2 604,1 381, 356,
1994,Dec.,6 340, 79,1 856,2 650,1 393, 361,
1995,Ave.,6 478, 107,1 951,2 624,1 438, 357,
1995,Jan.,6 341, 87,1 892,2 636,1 380, 347,
1995,Feb.,6 416, 93,1 939,2 649,1 381, 354,
1995,Mar.,6 464, 104,1 965,2 638,1 398, 360,
1995,Apr.,6 470, 115,1 967,2 639,1 408, 342,
1995,May,6 492, 105,2 020,2 589,1 437, 341,
1995,June,6 528, 98,2 060,2 579,1 448, 343,
1995,July,6 444, 106,1 936,2 591,1 453, 357,
1995,Aug.,6 444, 117,1 900,2 609,1 460, 358,
1995,Sept.,6 525, 120,1 928,2 632,1 467, 378,
1995,Oct.,6 517, 117,1 933,2 626,1 468, 373,
1995,Nov.,6 542, 120,1 931,2 648,1 480, 364,
1995,Dec.,6 546, 105,1 947,2 651,1 479, 365,
1996,Ave.,6 621, 119,2 003,2 595,1 527, 376,
1996,Jan.,6 542, 112,1 968,2 617,1 485, 360,
1996,Feb.,6 528, 119,1 977,2 595,1 487, 350,
1996,Mar.,6 633, 124,2 050,2 594,1 506, 359,
1996,Apr.,6 658, 122,2 083,2 588,1 501, 365,
1996,May,6 635, 115,2 120,2 536,1 508, 356,
1996,June,6 669, 112,2 122,2 534,1 530, 371,
1996,July,6 639, 122,1 964,2 620,1 542, 392,
1996,Aug.,6 666, 126,1 926,2 654,1 550, 411,
1996,Sept.,6 627, 119,1 913,2 650,1 546, 399,
1996,Oct.,6 643, 126,1 935,2 640,1 557, 385,
1996,Nov.,6 614, 122,1 987,2 561,1 560, 383,
1996,Dec.,6 603, 114,1 995,2 556,1 555, 384,
1997,Ave.,6 738, 107,2 059,2 607,1 592, 373,
1997,Jan.,6 621, 114,2 015,2 589,1 535, 368,
1997,Feb.,6 720, 136,2 037,2 623,1 566, 357,
1997,Mar.,6 713, 122,2 094,2 588,1 569, 340,
1997,Apr.,6 754, 120,2 129,2 581,1 574, 350,
1997,May,6 757, 104,2 155,2 560,1 573, 365,
1997,June,6 764, 104,2 131,2 559,1 593, 378,
1997,July,6 736, 99,2 038,2 599,1 609, 391,
1997,Aug.,6 734, 104,2 002,2 623,1 612, 393,
1997,Sept.,6 785, 106,2 024,2 642,1 617, 397,
1997,Oct.,6 775, 90,1 999,2 674,1 628, 383,
1997,Nov.,6 759, 93,2 027,2 644,1 621, 375,
1997,Dec.,6 743, 97,2 052,2 600,1 613, 380,
1998,Ave.,6 902, 115,2 089,2 642,1 656, 399,
1998,Jan.,6 778, 102,2 066,2 626,1 619, 365,
1998,Feb.,6 869, 108,2 133,2 677,1 604, 347,
1998,Mar.,6 864, 105,2 157,2 639,1 609, 353,
1998,Apr.,6 911, 111,2 170,2 626,1 623, 381,
1998,May,6 925, 95,2 176,2 598,1 652, 404,
1998,June,6 940, 106,2 134,2 614,1 682, 404,
1998,July,6 915, 116,2 046,2 654,1 685, 415,
1998,Aug.,6 909, 122,2 013,2 669,1 681, 425,
1998,Sept.,6 959, 127,2 043,2 671,1 683, 435,
1998,Oct.,6 928, 126,2 029,2 662,1 680, 431,
1998,Nov.,6 904, 130,2 049,2 629,1 677, 418,
1998,Dec.,6 924, 137,2 058,2 636,1 681, 412,
1999,Ave.,7 020, 142,2 090,2 639,1 704, 444,
1999,Jan.,6 936, 139,2 066,2 649,1 683, 400,
1999,Feb.,6 974, 147,2 081,2 658,1 682, 406,
1999,Mar.,7 051, 152,2 127,2 662,1 688, 421,
1999,Apr.,7 056, 146,2 140,2 652,1 691, 426,
1999,May,7 025, 134,2 144,2 613,1 701, 433,
1999,June,7 003, 132,2 122,2 604,1 706, 438,
1999,July,6 982, 138,2 045,2 644,1 704, 451,
1999,Aug.,6 979, 142,2 029,2 652,1 700, 457,
1999,Sept.,7 075, 145,2 054,2 663,1 712, 500,
1999,Oct.,7 057, 145,2 072,2 642,1 722, 477,
1999,Nov.,7 042, 142,2 093,2 610,1 727, 471,
1999,Dec.,7 058, 144,2 109,2 625,1 729, 451,
2000,Ave.,7 178, 147,2 129,2 673,1 766, 463,
2000,Jan.,7 091, 148,2 123,2 659,1 726, 435,
2000,Feb.,7 187, 154,2 154,2 707,1 732, 442,
2000,Mar.,7 192, 148,2 167,2 693,1 736, 449,
2000,Apr.,7 200, 146,2 179,2 687,1 743, 445,
2000,May,7 198, 138,2 187,2 664,1 756, 452,
2000,June,7 189, 139,2 166,2 658,1 766, 461,
2000,July,7 164, 143,2 100,2 675,1 777, 469,
2000,Aug.,7 152, 145,2 082,2 665,1 783, 476,
2000,Sept.,7 202, 147,2 106,2 675,1 788, 485,
2000,Oct.,7 193, 150,2 102,2 665,1 791, 486,
2000,Nov.,7 182, 152,2 093,2 660,1 795, 481,
2000,Dec.,7 192, 156,2 095,2 666,1 798, 477,
2001,Ave.,7 347, 201,2 156,2 673,1 831, 486,
2001,Jan.,7 268, 166,2 131,2 688,1 803, 479,
2001,Feb.,7 339, 187,2 159,2 703,1 806, 484,
2001,Mar.,7 356, 194,2 175,2 689,1 815, 484,
2001,Apr.,7 398, 202,2 210,2 689,1 813, 483,
2001,May,7 402, 196,2 239,2 649,1 829, 489,
2001,June,7 367, 207,2 211,2 626,1 842, 481,
2001,July,7 333, 215,2 155,2 651,1 836, 475,
2001,Aug.,7 312, 212,2 118,2 662,1 840, 480,
2001,Sept.,7 351, 209,2 133,2 673,1 845, 491,
2001,Oct.,7 355, 206,2 123,2 686,1 843, 497,
2001,Nov.,7 343, 204,2 106,2 684,1 850, 499,
2001,Dec.,7 339, 209,2 113,2 678,1 847, 491,
2002,Ave.,7 417, 225,2 139,2 672,1 865, 517,
2002,Jan.,7 338, 212,2 122,2 677,1 842, 485,
2002,Feb.,7 385, 223,2 148,2 694,1 839, 482,
2002,Mar.,7 401, 232,2 162,2 685,1 835, 487,
2002,Apr.,7 413, 225,2 171,2 680,1 842, 495,
2002,May,7 413, 216,2 182,2 651,1 862, 501,
2002,June,7 416, 208,2 174,2 654,1 872, 507,
2002,July,7 404, 213,2 125,2 659,1 880, 526,
2002,Aug.,7 401, 221,2 092,2 671,1 875, 541,
2002,Sept.,7 452, 220,2 125,2 688,1 873, 545,
2002,Oct.,7 462, 231,2 122,2 680,1 879, 550,
2002,Nov.,7 457, 243,2 117,2 669,1 885, 543,
2002,Dec.,7 463, 251,2 125,2 660,1 891, 536,
2003,Ave.,7 495, 229,2 154,2 634,1 921, 558,
2003,Jan.,7 460, 247,2 140,2 635,1 903, 535,
2003,Feb.,7 483, 253,2 168,2 620,1 906, 535,
2003,Mar.,7 492, 243,2 189,2 627,1 896, 538,
2003,Apr.,7 501, 236,2 194,2 631,1 899, 542,
2003,May,7 520, 227,2 201,2 634,1 911, 547,
2003,June,7 504, 219,2 189,2 630,1 914, 550,
2003,July,7 460, 214,2 118,2 642,1 918, 567,
2003,Aug.,7 451, 209,2 088,2 652,1 927, 575,
2003,Sept.,7 516, 217,2 124,2 655,1 936, 585,
2003,Oct.,7 521, 223,2 125,2 651,1 941, 580,
2003,Nov.,7 518, 228,2 144,2 626,1 949, 572,
2003,Dec.,7 520, 235,2 162,2 604,1 953, 566,
2004,Ave.,7 520, 230,2 147,2 567,1 994, 580,
2004,Jan.,7 527, 239,2 170,2 585,1 971, 563,
2004,Feb.,7 544, 244,2 183,2 581,1 976, 559,
2004,Mar.,7 542, 248,2 187,2 591,1 968, 549,
2004,Apr.,7 545, 240,2 198,2 595,1 967, 546,
2004,May,7 520, 230,2 189,2 568,1 978, 556,
2004,June,7 491, 225,2 170,2 544,1 986, 567,
2004,July,7 458, 224,2 105,2 542,1 998, 589,
2004,Aug.,7 460, 222,2 069,2 569,2 006, 593,
2004,Sept.,7 545, 230,2 113,2 578,2 017, 606,
2004,Oct.,7 532, 226,2 108,2 569,2 018, 610,
2004,Nov.,7 533, 220,2 122,2 556,2 020, 614,
2004,Dec.,7 536, 213,2 150,2 535,2 027, 611,
2005,Ave.,7 578, 209,2 155,2 523,2 075, 616,
2005,Jan.,7 541, 201,2 157,2 548,2 039, 596,
2005,Feb.,7 561, 206,2 160,2 556,2 049, 590,
2005,Mar.,7 583, 214,2 176,2 559,2 048, 587,
2005,Apr.,7 586, 209,2 195,2 552,2 049, 582,
2005,May,7 575, 202,2 211,2 524,2 059, 580,
2005,June,7 578, 198,2 196,2 521,2 068, 596,
2005,July,7 564, 205,2 131,2 523,2 081, 625,
2005,Aug.,7 546, 214,2 084,2 531,2 087, 631,
2005,Sept.,7 609, 220,2 130,2 519,2 095, 645,
2005,Oct.,7 593, 222,2 121,2 496,2 104, 650,
2005,Nov.,7 594, 212,2 140,2 478,2 111, 653,
2005,Dec.,7 608, 209,2 162,2 470,2 112, 655,
2006,Ave.,7 644, 198,2 190,2 445,2 121, 691,
2006,Jan.,7 631, 201,2 178,2 489,2 106, 657,
2006,Feb.,7 667, 195,2 205,2 502,2 104, 661,
2006,Mar.,7 664, 191,2 218,2 485,2 110, 659,
2006,Apr.,7 672, 189,2 237,2 488,2 107, 650,
2006,May,7 667, 183,2 250,2 459,2 116, 658,
2006,June,7 661, 185,2 240,2 441,2 123, 672,
2006,July,7 611, 195,2 160,2 432,2 125, 699,
2006,Aug.,7 589, 205,2 124,2 427,2 123, 710,
2006,Sept.,7 639, 211,2 160,2 422,2 127, 719,
2006,Oct.,7 639, 214,2 155,2 406,2 138, 726,
2006,Nov.,7 641, 203,2 169,2 395,2 140, 734,
2006,Dec.,7 648, 199,2 181,2 392,2 136, 741,
2007,Ave.,7 679, 191,2 187,2 386,2 146, 769,
2007,Jan.,7 654, 189,2 187,2 401,2 132, 746,
2007,Feb.,7 665, 190,2 200,2 411,2 127, 738,
2007,Mar.,7 659, 185,2 223,2 403,2 123, 727,
2007,Apr.,7 687, 188,2 242,2 403,2 129, 725,
2007,May.,7 685, 184,2 242,2 381,2 139, 739,
2007,June,7 692, 188,2 236,2 369,2 148, 751,
2007,July,7 644, 200,2 152,2 371,2 147, 774,
2007,Aug.,7 623, 207,2 104,2 377,2 152, 783,
2007,Sept.,7 700, 205,2 163,2 380,2 154, 799,
2007,Otc.,7 719, 198,2 165,2 386,2 163, 808,
2007,Nov.,7 715, 186,2 161,2 381,2 170, 817,
2007,Dec.,7 708, 175,2 172,2 367,2 174, 820,
2008,Ave.,7 770, 168,2 178,2 376,2 211, 838,
2008,Jan.,7 720, 172,2 180,2 371,2 179, 818,
2008,Feb.,7 766, 183,2 207,2 390,2 175, 811,
2008,Mar.,7 760, 180,2 205,2 401,2 175, 798,
2008,Apr.,7 766, 178,2 217,2 397,2 182, 792,
2008,May,7 762, 169,2 226,2 368,2 192, 806,
2008,June,7 768, 166,2 217,2 357,2 201, 826,
2008,July,7 752, 164,2 145,2 370,2 219, 853,
2008,Aug.,7 735, 160,2 103,2 384,2 226, 861,
2008,Sept.,7 800, 156,2 148,2 392,2 232, 871,
2008,Oct.,7 790, 157,2 155,2 366,2 235, 875,
2008,Nov.,7 794, 162,2 153,2 356,2 247, 875,
2008,Dec.,7 829, 166,2 177,2 356,2 261, 868,
2009,Ave.,7 937, 177,2 197,2 366,2 305, 893,
2009,Jan.,7 873, 179,2 213,2 373,2 258, 849,
2009,Feb.,7 924, 184,2 230,2 379,2 270, 861,
2009,Mar.,7 938, 186,2 236,2 377,2 273, 866,
2009,Apr.,7 956, 187,2 240,2 375,2 283, 871,
2009,May,7 952, 184,2 238,2 369,2 287, 874,
2009,June,7 953, 181,2 228,2 362,2 296, 886,
2009,July,7 942, 179,2 175,2 365,2 318, 904,
2009,Aug.,7 925, 176,2 144,2 357,2 328, 919,
2009,Sept.,7 961, 171,2 159,2 366,2 334, 930,
2009,Oct.,7 958, 167,2 167,2 361,2 339, 923,
2009,Nov.,7 926, 164,2 159,2 352,2 335, 915,
2009,Dec.,7 942, 166,2 171,2 359,2 332, 914,
2010,Ave.,7 992, 161,2 167,2 364,2 350, 950,
2010,Jan.,7 962, 166,2 183,2 372,2 326, 915,
2010,Feb.,7 985, 174,2 200,2 370,2 323, 918,
2010,Mar.,7 999, 172,2 203,2 369,2 333, 922,
2010,Apr.,8 014, 168,2 209,2 372,2 341, 924,
2010,May,8 011, 161,2 207,2 361,2 352, 929,
2010,June,7 999, 156,2 198,2 364,2 350, 931,
2010,July,7 953, 157,2 134,2 357,2 352, 953,
2010,Aug.,7 939, 159,2 098,2 349,2 365, 968,
2010,Sept.,8 008, 157,2 134,2 360,2 368, 989,
2010,Oct.,8 012, 153,2 141,2 364,2 366, 988,
2010,Nov.,8 004, 156,2 139,2 365,2 362, 982,
2010,Dec.,8 020, 156,2 152,2 372,2 366, 974,
2011,Ave.,8 053, 152,2 168,2 395,2 369, 969,
2011,Jan.,8 030, 157,2 157,2 385,2 363, 968,
2011,Feb.,8 060, 163,2 172,2 397,2 358, 970,
2011,Mar.,8 070, 165,2 175,2 403,2 359, 968,
2011,Apr.,8 088, 162,2 193,2 411,2 356, 966,
2011,May,8 082, 155,2 198,2 405,2 363, 961,
2011,June,8 061, 147,2 185,2 398,2 366, 965,
2011,July,8 012, 142,2 142,2 392,2 368, 968,
2011,Aug.,7 992, 146,2 120,2 385,2 371, 970,
2011,Sept.,8 060, 150,2 160,2 398,2 375, 977,
2011,Oct.,8 060, 147,2 167,2 392,2 379, 975,
2011,Nov.,8 055, 148,2 169,2 385,2 383, 970,
2011,Dec.,8 069, 144,2 179,2 391,2 388, 967,
2012,Ave.,8 096, 150,2 159,2 406,2 405, 975,
2012,Jan.,8 079, 147,2 177,2 399,2 387, 969,
2012,Feb.,8 102, 150,2 185,2 405,2 391, 971,
2012,Mar.,8 109, 149,2 189,2 410,2 393, 968,
2012,Apr.,8 118, 150,2 187,2 415,2 397, 969,
2012,May,8 113, 146,2 185,2 407,2 405, 970,
2012,June,8 097, 148,2 170,2 403,2 404, 972,
2012,July,8 070, 150,2 134,2 404,2 406, 976,
2012,Aug.,8 053, 152,2 106,2 409,2 408, 978,
2012,Sept.,8 102, 153,2 145,2 411,2 411, 982,
2012,Oct.,8 097, 152,2 140,2 405,2 416, 984,
2012,Nov.,8 098, 151,2 144,2 402,2 420, 981,
2012,Dec.,8 110, 153,2 149,2 406,2 424, 978,
2013,Ave.,8 142, 152,2 125,2 428,2 442, 995,
2013,Jan.,8 121, 154,2 154,2 404,2 428, 981,
2013,Feb.,8 146, 156,2 151,2 418,2 435, 986,
2013,Mar.,8 159, 155,2 155,2 420,2 441, 988,
2013,Apr.,8 171, 154,2 161,2 418,2 445, 993,
2013,May,8 171, 152,2 160,2 412,2 450, 997,
2013,June,8 151, 150,2 144,2 410,2 448, 999,
2013,July,8 121, 152,2 099,2 423,2 445,1 002,
2013,Aug.,8 104, 154,2 069,2 434,2 443,1 004,
2013,Sept.,8 145, 152,2 111,2 436,2 445,1 000,
2013,Oct.,8 138, 150,2 103,2 444,2 443, 998,
2013,Nov.,8 133, 148,2 097,2 454,2 440, 995,
2013,Dec.,8 141, 147,2 099,2 462,2 437, 996,
2014,Ave.,8 170, 144,2 089,2 490,2 434,1 013,
2014,Jan.,8 151, 146,2 101,2 472,2 433,1 000,
2014,Feb.,8 169, 145,2 107,2 484,2 431,1 002,
2014,Mar.,8 177, 146,2 112,2 487,2 427,1 005,
2014,Apr.,8 187, 144,2 121,2 492,2 423,1 007,
2014,May,8 192, 140,2 123,2 484,2 433,1 012,
2014,June,8 185, 142,2 106,2 489,2 431,1 017,
2014,July,8 154, 144,2 064,2 498,2 428,1 020,
2014,Aug.,8 138, 146,2 036,2 503,2 434,1 019,
2014,Sept.,8 174, 145,2 074,2 499,2 436,1 020,
2014,Oct.,8 165, 143,2 071,2 491,2 442,1 018,
2014,Nov.,8 167, 142,2 073,2 489,2 444,1 018,
2014,Dec.,8 176, 143,2 076,2 492,2 450,1 015,
2015,Ave.,8 204, 147,2 063,2 516,2 462,1 016,
2015,Jan.,8 188, 146,2 080,2 498,2 451,1 013,
2015,Feb.,8 200, 148,2 085,2 510,2 447,1 010,
2015,Mar.,8 206, 146,2 087,2 507,2 451,1 015,
2015,Apr.,8 219, 147,2 091,2 502,2 459,1 020,
2015,May,8 223, 143,2 093,2 508,2 464,1 015,
2015,June,8 218, 145,2 080,2 513,2 460,1 019,
2015,July,8 187, 148,2 041,2 519,2 457,1 022,
2015,Aug.,8 170, 151,2 014,2 524,2 464,1 017,
2015,Sept.,8 202, 150,2 052,2 521,2 466,1 014,
2015,Oct.,8 207, 148,2 049,2 524,2 471,1 015,
2015,Nov.,8 211, 147,2 041,2 531,2 476,1 016,
2015,Dec.,8 221, 148,2 046,2 537,2 477,1 013,
2016,Ave.,8 235, 149,2 044,2 548,2 480,1 015,
2016,Jan.,8 230, 150,2 051,2 541,2 475,1 014,
2016,Feb.,8 239, 150,2 057,2 544,2 472,1 017,
2016,Mar.,8 245, 149,2 059,2 549,2 471,1 019,
2016,Apr.,8 250, 148,2 065,2 546,2 476,1 016,
2016,May,8 253, 145,2 069,2 542,2 484,1 014,
2016,June,8 246, 147,2 060,2 543,2 481,1 015,
2016,July,8 218, 150,2 026,2 548,2 478,1 016,
2016,Aug.,8 202, 151,2 000,2 553,2 481,1 017,
2016,Sept.,8 234, 152,2 037,2 549,2 483,1 013,
2016,Oct.,8 233, 150,2 035,2 551,2 485,1 012,
2016,Nov.,8 234, 149,2 034,2 553,2 487,1 011,
2016,Dec.,8 242, 148,2 037,2 558,2 486,1 013,
2017,Ave.,8 254, 151,2 027,2 574,2 488,1 013,
2017,Jan.,8 246, 149,2 039,2 561,2 485,1 012,
2017,Feb.,8 257, 151,2 043,2 566,2 483,1 014,
2017,Mar.,8 264, 150,2 046,2 570,2 482,1 016,
2017,Apr.,8 273, 151,2 051,2 573,2 486,1 012,
2017,May,8 276, 148,2 053,2 572,2 490,1 013,
2017,June,8 268, 150,2 042,2 574,2 487,1 015,
2017,July,8 239, 152,2 007,2 578,2 484,1 018,
2017,Aug.,8 222, 154,1 983,2 583,2 487,1 014,
2017,Sept.,8 254, 153,2 018,2 578,2 490,1 016,
2017,Oct.,8 249, 151,2 015,2 579,2 492,1 012,
2017,Nov.,8 246, 150,2 017,2 577,2 493,1 009,
2017,Dec.,8 253, 151,2 018,2 582,2 495,1 008,
2018,Ave.,8 254, 151,2 011,2 588,2 496,1 008,
2018,Jan.,8 257, 152,2 021,2 584,2 494,1 007,
2018,Feb.,8 267, 154,2 025,2 588,2 492,1 008,
2018,Mar.,8 270, 153,2 028,2 591,2 491,1 008,
2018,Apr.,8 274, 151,2 032,2 590,2 495,1 007,
2018,May,8 275, 148,2 034,2 589,2 496,1 008,
2018,June,8 267, 150,2 024,2 587,2 497,1 009,
2018,July,8 235, 152,1 990,2 590,2 494,1 010,
2018,Aug.,8 217, 153,1 967,2 593,2 493,1 011,
2018,Sept.,8 248, 152,2 000,2 590,2 497,1 009,
2018,Oct.,8 246, 151,2 002,2 588,2 498,1 007,
2018,Nov.,8 244, 150,2 004,2 584,2 500,1 006,
2018,Dec.,8 249, 149,2 006,2 587,2 503,1 004,
2019,Ave.,8 243, 150,1 968,2 594,2 524,1 008,
2019,Jan.,8 250, 149,2 007,2 589,2 502,1 003,
2019,Feb.,8 256, 151,2 009,2 592,2 500,1 004,
2019,Mar.,8 259, 150,2 011,2 593,2 501,1 003,
2019,Apr.,8 260, 149,2 011,2 594,2 503,1 002,
2019,May,8 260, 145,2 012,2 593,2 506,1 003,
2019,June,8 253, 144,1 998,2 593,2 516,1 002,
2019,July,8 221, 148,1 970,2 591,2 513,1 000,
2019,Aug.,8 204, 152,1 908,2 596,2 533,1 015,
2019,Sept.,8 237, 151,1 933,2 598,2 540,1 015,
2019,Oct.,8 235, 151,1 924,2 596,2 548,1 016,
2019,Nov.,8 235, 152,1 917,2 593,2 557,1 016,
2019,Dec.,8 244, 152,1 913,2 593,2 569,1 016,
2020,Ave.,8 261, 157,1 903,2 595,2 589,1 016,
2020,Jan.,8 249, 154,1 906,2 594,2 578,1 017,
2020,Feb.,8 261, 157,1 903,2 596,2 589,1 016,
2020,Mar.,8 272, 159,1 900,2 596,2 599,1 017,